wallet_address,player_name,actual_royal_favor,gold_value,main_pot_share,chain,day_one_cashout_npc_kills,day_two_cashout_npc_kills,day_three_cashout_npc_kills,day_four_cashout_npc_kills,day_five_cashout_npc_kills
0xcF08fa66Ac1d7bdC1fCFaDf51013a8562Bc89A1f,Veiga-KGeN,6001527,25094,0.02336831,blast,,,,,
0xd9D92cFDff13bde7865D79fa4cA6ac45912B8b23,KyoInfinity,3942178,201501,0.01558784,ronin,1,,,,
0xcdC718F6c9FD89A6c89e0e30f73510D529AFd9e4,Imaniki,1005672,16623124,0.01407249,blast,,,,,
0x684718C56b8D35866c48cCebec69Cd26C9132DC2,90xGGG-357,3417430,70390,0.01371582,blast,3,,,,
0xA86Cc3Da65D94c6CF03D341Dd1A48815EA664965,WBT-武威侯大将军,3269400,650805,0.01311954,blast,,,,,
0x106e83658FdbbF259833c8dE958301310a841997,Vinhdeptrai,3240887,22147,0.01270542,ronin,,26,,,
0xe56B405dF56FF23c233f6191866075756D68C9B4,MEPOxMEPO,1903193,3781508,0.00971672,blast,,,,,
0xb4D92a48F905450Cb00B54C5BD3ff6e6CC0C72f5,HCO_jackhauteville,2338785,62734,0.00913895,blast,,,,,
0xb85B88227fE1c47DF8f6A366BC0ed99B466F4a74,CN-CHAN,1778668,1039407,0.00793134,blast,3,,,,
0x2c1e712fC1609e1058337a39bC6D14EF4AF7DcbB,90xGGGLuuu,1656426,99539,0.00650627,ronin,,,,,
0xe33f1860Eb6B335F0F961c95952e29941D09b5f7,divers,814771,4631040,0.00623755,blast,1,,7,,13
0x0aCFda6d3dc527fc267f4117A0328c85A1D6683C,HCO_Bricked,1462171,526772,0.00606823,blast,,,,2,
0xd8155b44C1487F7533279b27C6758931f5a91743,paperok.eth,448508,6827037,0.00591757,blast,,,,,
0x532323481D24216ca8dB9122D92bED5BdBc41Df5,a1chemist.eth,188530,7063729,0.00513193,ronin,,,,,14
0x2b8ED88Ce5eF8D8D29fB5F1C14dEe0eF6A97cF82,BOSSddtDD,178970,99532,0.00509766,ronin,,,,153,
0xA839793E705670EF0b08D3D931CC48604c569a58,SIsha,440210,4893087,0.00492808,blast,1,32,,,
0x9C5e2dfCae4827bEf264e7a1C4fCf861674f7ADF,JosepRustMANA,1220420,64777,0.00486325,blast,,24,,,
0xB56A69894Eb3Bc01A949618F695F9FB752C60740,PK_Kennii,953193,1648077,0.00471626,blast,,,,,
0xF9265c697096c2200dfA3F186bc451Ebb66e7208,fabubusky,67901,99220,0.00412127,blast,,,731,,
0xe84b8fc6a88cDEf4000F62aE38687B9C53b18c01,HCOXINZHAO,785535,980506,0.00402468,blast,,,,13,
0xDA8d95Cdf11792975190F8b1D6E5431746c71926,Shaz,630277,1188015,0.00367857,blast,4,,,,
0x6ef197056205D6Df85827d8cB46cF17078EcfB72,Ylzenmain,115644,103228,0.00357691,ronin,,,,108,
0x3E75074992276b5ea08D678009691fA949243199,TuanVangOMG,880314,78135,0.00350437,ronin,,10,,,
0x89a0e9826B56e147Fcd59c4B4D561E53Fb2CD5C7,cryptochkn,428407,2772863,0.00348664,blast,1,,,,
0x5506D7162F35c8722d1DA5e3e0e98EFb737a46EF,zFeniksz,299694,2919975,0.00320071,blast,2,,,,
0x68838d42b3DA464F115Bc0EE1f2D58E1195002Fa,euphoria,813750,31681,0.00318580,blast,,,,,
0xf1a157201263Afd6a2050ec1caa40D102bF516AA,90xGGG-Fastped,76829,4692282,0.00316665,ronin,,,,,
0xd6418502e12FF5035da103BA803b20a3DE62db3e,Rogy,712278,175535,0.00300387,blast,1,,,,
0x3758b62670D30e95d2a7d9a835267569b0813E8b,Chuckz,736687,52530,0.00289868,blast,,,,,
0xb4d0D99Cc5b7B6ba5E0FAd666668D9678405C566,Lambada,210353,3066264,0.00281747,blast,1,,,,
0xb915b1440A493c121F1047E4572b85C21B156F29,akimmsl,572285,717889,0.00279920,blast,,,,,23
0x74aC45c146bcAA47A227C87a32860eb8aC3e57C4,HCO_Ribbon,427008,1583892,0.00277140,blast,,,,5,
0xe7e48d6E53e3D369e1E0Eb8e830E35B78E0F2b44,sabaka137,509395,1225041,0.00273083,blast,,,,,
0x71367F0A6F44b25e9C73b48F952F17B5F227b6c7,trusteg.eth,273505,381287,0.00269015,blast,,10,,48,
0x26968956870fEF85086F06b7d221314581153215,Panda-PK,523353,152235,0.00262949,blast,4,,,,
0x449c10EfE5244b815404aea2875176d37b18C750,TGGShof,632164,275001,0.00262793,ronin,,,,,
0xA6c08793d96155710d7755B5E879c1324C98492f,Elghost01,125484,3163454,0.00250876,ronin,,,,,15
0x85f28245a3Df0aB40d86a2A96ea5aB064153F8b9,AiR0,72495,127391,0.00248761,ronin,,,,75,
0xcb1F1cc399a793a9B928602f8fbedddd922466D3,dwwqdwqddwqq,496710,766850,0.00247696,blast,,,,,13
0x9c81235B2fDa4687e0159b19F56E835712ab0A8A,Buffet,81464,201022,0.00233546,blast,,,365,,
0x9B138E61bc913654132CA6a0e1571fECe0f5B570,ProoflolCFOP,535668,307867,0.00231900,blast,,,,,8
0x057E23daEEaC573E99654c751ca2F0ead65656e2,Kizukin,171675,35354,0.00231285,ronin,3,,,44,
0x91e6611C36afa3eE3cC80C3f9Fdcb3bF4Cd9097D,HCO_Devil,496955,601912,0.00230160,blast,,,,,
0xA4A4d61f63D909421679738F0262b52534dFC467,HCO_Deep,428866,767779,0.00226302,blast,1,,,,
0x95359F8Af2B02F5576a35558C9f3998b926802b5,鱼骨头,489935,579750,0.00226074,blast,,,,,
0x8d77b991517610bF60273F64c50de8e1E131C664,MalyukSigma,154808,5736,0.00218479,blast,9,,,16,
0x5cb4fd4A2e32e6C3A7Ada40E1a63d2C701b3d94F,Y0net_BALAGAN,474057,350156,0.00214374,blast,,,,3,
0x45055Ba40a3d984D2E47aD50Ed96e4e121E8CD80,Chelban,525747,61139,0.00214123,blast,,,,,10
0xFB3AeF68Bd15f38c51D24c6c62afb8385cea7177,HCO_Matti,301188,152540,0.00214020,blast,7,,,,
0xD46bF0a413dAa638d66517D7b183D1107BCd62E3,hah,248617,1808811,0.00213677,blast,,,,,11
0x7345F247AEB172b1D476279822E5d93Ec80400A9,7ojo,188958,96840,0.00208770,blast,,,230,,17
0x345F0eF28c4bCE193775CD28bc8900852A7fF960,WBT-zhibaobao,474764,378929,0.00207897,blast,,,,,
0x74Da3101a47C8dAcef84819e8Bf9C99e5257da67,kkkastor1des,157776,1046245,0.00205388,blast,3,,,15,
0xE71A7D463F78B5b3e7c2F340E7e3AAEf7Ea4B60F,Abra,321537,92694,0.00203372,blast,,218,,,8
0x4a6d9CC52a4Cc93C6F7C76385a490D9bb0Da6844,HANZWAR_BALAGAN,479275,98903,0.00192539,blast,,,,,
0x2b2248E158Bfe5710b82404b6Af9ceD5aE90b859,0xdecemberrr.eth,471664,135084,0.00191788,blast,,,,,
0xa98c907A585E88f6158979b48a2b8BBed8935A9e,Nezumin,397087,606993,0.00191610,ronin,,,,,
0x3262172701Fb53d25412d225513D825BB436dF7d,Nor4eG,361045,570980,0.00187884,blast,1,,,,
0x0013C6CE6e41B0AE6b71c2bE0E90532112e15c2D,HCO_gogi,433958,50154,0.00186110,blast,,,,5,
0x4017e8dF4369bf7c09D62F3d994230167aeB6ee0,Codebrew,252452,41942,0.00181606,blast,6,,,,10
0x06A58cEe95826AcDC505920F52A4B1aE86473A8e,Perigoso,131973,6834,0.00179010,ronin,,,245,,
0x70350B3b53987393c5AdD98C0d08698a0aE3dD4C,Maxon4ikkk,376956,286547,0.00174648,blast,,,,,18
0x62db2e9CcD5Ad4886D52ee3AE946537d5F65EeBd,Phamvanduc17,381606,222314,0.00174231,ronin,,39,,,
0x639Abd4063DC53c700CF999e16aC044198C5DaF2,Morgan,306326,890247,0.00173604,blast,,,,,
0x606d12eD6dff913BdEb5E03b0349dEC6054089DC,Dzheba,397901,248613,0.00172861,blast,,,,1,
0xa5e2BB97De3C62ca06F1A2293eB7E01C114e9a49,Zof,431423,80275,0.00172780,blast,,,,,
0xe4c3F04C276B74840865d90aA1A7409C13E6FEaE,Vel3vul,277363,1052623,0.00172258,blast,,,,,
0x1e40540f6EBA9Ae85CBF4486E18cf8461B162AF1,Rains,105082,90003,0.00171682,blast,,402,,,
0x4656AAF577615Ae1DdC33D4dBc023d6a0D902347,shrine,412517,167635,0.00170762,blast,,,,,
0x8858d0e88fA0B3C00353a0039DDb0f7b93Ec77eF,INK,26315,2568111,0.00167190,ronin,,,,,
0x0d02f5fCaB59373EC269a329b2a4C0ab34374A4A,WBT-Haoying,338572,574108,0.00166831,blast,,,,,
0x08bea5990446e20b8d3735C7F621335D87882CF6,visher,356712,286970,0.00165635,blast,,,,,16
0x9dbbC56DADf03d51dB04361D56B91b7f71feDce6,Andre,350927,235259,0.00162547,blast,,,,,20
0x75dd1a992d9C6EE862C0C8Aa98051a37a6F858FD,elduarduz,94097,144105,0.00162354,blast,3,,,28,
0x7c18ffBF7642bF2cCE6d263BEd3f1F9A4dE97C7f,FabledMelon,234293,743485,0.00161606,ronin,2,,,,
0x2914ac5a5314D64424FbC51aE95b0cdAea899cB3,Teemo,330366,63365,0.00161490,blast,2,,,,7
0x8055Fa459A647E2f3a20E2508aE76163f4c958b5,木雕流金,327802,510706,0.00158765,blast,,,,,
0x43c04Bd8b12E54Da05B3F235e92cdD2Ec1717eF6,HCO_Pixel,334046,10005,0.00155594,blast,2,,,,
0x879dB05D6614252551700685A212953F358865B4,HCO_beef,284452,710846,0.00154129,blast,,,,,
0xD386Bd9a44B9B72BB58BbcaAdbeD2eAe8295b949,BOB,368781,24126,0.00153318,blast,,10,,,9
0x7d910AB2FB61c2dFDF74d9803065b17dC8e5E4B1,dariusp,314067,490144,0.00152164,blast,,,,,
0xB785bAaaFC3F73a24472e15aa1e8aaF2d574148A,cryptopribor,307817,339029,0.00149791,blast,,,,,16
0x7294A7414d89E0c6c1fAb79a81b1c350d03e6B49,swallowD,216324,983474,0.00147766,blast,,,,,6
0x03fCd56E84A7c7a7f2fa074F88AfAAA7d6C616F3,BudanovSigma,274717,144048,0.00145222,blast,1,,,6,
0x1B2313f7a3D36800B037f22f574A04A4B6e3c62B,Chuvachok_BALAGAN,178616,939713,0.00144546,blast,,11,,5,
0xc24336bA2158C662a0E1089c639033C93DEbF225,Inpu1,200955,938161,0.00144244,blast,,,,,15
0x8CA8a66Ab63A65Ca38Cb22046C475ED92952e724,ddk666,369130,8057,0.00144127,blast,,,,,
0xA688810b0865Fb0E889240dff2e125bF31bE7fFd,lucche,337450,208468,0.00144048,blast,,,,,
0xaF4E6970e88E3153ac473bDe0F1c4C14a8288AF6,Luero,234808,452399,0.00144016,blast,2,,,,
0x352512CDFE1Fc26923080b96E0f9B8d7D6680037,jimba,220193,827122,0.00143782,ronin,,,,,13
0x8093a1c2Ce3009E89247837c24e3BcE93B60dAad,Sal,312045,185437,0.00142563,blast,,,,1,12
0xCBa3c8dcec05830728b3A3c3463EBd7b2f6b8427,神秘的大叔,327273,242000,0.00142137,blast,,,,,
0xf1cb304086418438cacE2a8b6484ea99767Da403,ValeraGG,287486,119455,0.00140177,blast,1,,,3,
0xF89F002934E6785FEfbA613D1E6615482448724d,神秘的CG,77855,88290,0.00139040,blast,,,199,,
0xB24659d7c3ACBf1a5D49e69B7bEe046D21d0E319,BALAGAN_KUNILOVER,208192,569371,0.00138183,blast,1,,,,17
0x6FeF57b1F363B14174e6cdd9D84a183EFEcCE4f4,Hoakimiru,282945,108942,0.00137767,ronin,1,,,3,
0x63C876bc94EAC9064d5c287585b4415AFF18518e,loxopedysss.eth,151413,1035957,0.00137412,blast,,24,7,,7
0x1C478C249B7080ab535b61c761665BeA54ce0522,Chad,225644,757750,0.00136949,blast,,,,1,
0xF40B9a5CD57B3D93F0501435F1D31D3e2Ffcf03f,Jhonasjhones,274222,327594,0.00136601,ronin,,,,,17
0xE900Fe261895F3732AA03d9df1299F2B1dCB5810,BALAGAN_Xyesos,208281,558765,0.00135827,blast,1,,,,14
0xD86581Cf44C072e29EeA1e6FCBA5f52717406964,stevil,202908,107952,0.00135761,blast,,135,,,14
0xb479fD34414747CAD526062C309EaeFDafE1c616,Meh,187988,492488,0.00135218,blast,2,,,,12
0x5d16c65121d1BfB90cFB49eF6606bE5Da9bB28f1,valdemurrr.eth,203276,791669,0.00133290,blast,,,,,10
0x7517933f1912Cc7567656c9f7B313f56936ed0e2,vatnik,325328,107923,0.00133186,blast,,,,,
0xf3B01075962F7C3c2C075f72493e4B0e0CbBE0D4,fnte,336143,37562,0.00133095,blast,,,,,
0x80F1f0526e5A4EC733d24b4A4BAb85aC15514C5d,Lebo031,87501,1154482,0.00132973,blast,,,,10,
0x6c5cBaeE3A0EB695aDE22f1a41fC8738F6E47775,神秘的火,276067,180487,0.00132478,blast,,45,,,
0x1f592072ABcFC87248717645EbB61EE1c98dabD5,Borovik,318166,112919,0.00130705,blast,,,,,
0x047fF53731AadEF85e0c518CA34977f48311a689,qkenchant.eth,190727,915913,0.00130191,blast,,,,,
0x835169e940Eb1dcA7bFCC10E35aab65fF3CbA91F,Zezima,241041,588854,0.00129781,blast,,,,,
0x30329b7032d84530c4e0eFaf0ca8A1D859508B20,RoyDino,287096,87418,0.00129557,ronin,1,,,,
0x8Aa056eD37F0E984C760966AD0C6294028A59f6d,HCOInno,249961,95168,0.00128612,blast,,,,9,
0xD084a075E3394E80016b4f8844b42645deC95939,LeM-PvP,266372,126887,0.00128059,ronin,1,,8,,
0x6FA43dcE72a00190B7993450D8e32487B5b07d2f,xryxry,252583,479590,0.00127595,blast,,,,,
0xe96b0530917d6e33467dEaefbe58bC51f5d93F4a,z00m,261798,417015,0.00127356,ronin,,,,,
0x8bE94BD04288B0d5d820DD2aeF5aae4916b0C230,Richie,324428,7693,0.00126711,ronin,,,,,
0x471831D7FD442C4d6882F5e5C0839064d0EAB0ce,0x17agent.eth,253534,197375,0.00126702,blast,1,,,,6
0xB5EB92B3D208f0d9c11Ac6FB8853a0AbADD844b3,xdsleepyxd.eth,314867,51217,0.00125650,blast,,,,,
0xcb01ba3e9173beF3Da81d98bb51f5A3368682919,Woah-PVP,319111,20846,0.00125446,blast,,,,,
0xb77C821339589a7698388F6B8ED8cC811a86CB43,DOC,306095,90462,0.00124635,ronin,,,,,
0x6F9968393601c83ab5b639f8457aA0C2A41124C2,FisherM,285376,107130,0.00124563,blast,,,,,12
0xC88F6F4F7D4DE806668b6d053A3fee08212A0c69,KuoVenChin,275806,176049,0.00123889,blast,,,,,10
0xd629D2B668f84d4A1a884D38EC978eb9c7f813F8,mishkaail,134844,19735,0.00123269,blast,,,134,,
0xd3ed6c23A7e9C6E774008ad72C0B9C16c70E0DD0,Jo11yR0ger,294771,63968,0.00122676,blast,,,,,7
0xC94d81ACAb9F2574CC424aA5764Da484D856a4e3,100xp,247772,212555,0.00121903,blast,1,,,,
0x9E38cb93F7Da460d62B8Ff326f3F5A17E53470D2,Pohowaniy,289607,55647,0.00121079,blast,,16,,,
0x18ca9B9e10D7432C78e933120B38312551c8eFf6,Brons1k,245651,349889,0.00121037,blast,,,,,7
0x0175b01D8ef9b494888D6baBdbC4f6d89F74de65,Daiv,235711,67521,0.00120884,blast,1,16,,,13
0x888e50e49a1a2FB2a670cDC86Aa562ee5DfC04e8,hoppie,234715,118127,0.00120851,blast,,38,,,18
0x03bE985e9d926E0e636dB99bFFAaB14D1ED77fee,ForZe,223470,543420,0.00120167,blast,,,,,
0x97AC66f67e52130B2Df8eDa7e3D85B1dcbB77aDf,godblessme,302640,28889,0.00119528,blast,,,,,
0x0c06278Dcf5d0CcC3525De29310e5e454C68FA78,Uncle,261681,156429,0.00118355,blast,,,,,12
0x9778703394E40e9961d606628Ef482DD57D85514,varfozel1,206711,233513,0.00118243,blast,1,,,,19
0x041281036A53F2fA772bD22145ef722C05ECb6BC,Jasmy,75864,1100569,0.00118145,blast,1,,7,,9
0x560A2edD994f2bA4883CDF8E0D164558d8C803Ac,VV,133756,1081111,0.00118119,blast,,,,,
0xE260b8E11BFb9CCC677D3cdf00f105c1E340FB8a,cryptochel.eth,283419,126672,0.00118025,blast,,,,,
0x3C13dc60dc6d5fe9f465552e2177786973a2dbb9,trobertop.eth,259275,74397,0.00117935,blast,1,,,,
0xFa28E7d352627F41D07d1fA448F002955a634b70,PepsiOwns,284968,91070,0.00116452,ronin,,,,,
0x5413fA681F682d23CC412e3b5eD02a0E03541B5F,Delabrahamsyd1,77467,1409043,0.00116258,ronin,,,,,
0x518B73B297427A4cf697dAAa5cF83358114f4A41,marsshole,227954,449095,0.00116147,blast,,,,,
0x33768a3a7A8539FEF534f4C4fF0FBBb1C8122643,flameinmyheart.eth,188465,350657,0.00115979,blast,1,,,,15
0xbe4dbf62b91eC48E14c84F3d79Ce48f95b1FB5d2,pertz,115966,1143887,0.00115033,ronin,,,,,
0x4103b2c083F54827a9a2D4f1b68e200afF6d220C,Cumbrian,60015,1491591,0.00114512,blast,,,,,
0x823fE22579CC75593BA7E1CE2838d3a193EB7352,yosemite,281005,80405,0.00114258,blast,,,,,
0x52e14E8dFC87e8875CE5E9A94019f497b82b3e01,superrarka.eth,212478,409769,0.00114112,blast,,,,,11
0x1048C9e572fAC450805675de496E83B038CF228C,denisqi,240561,195029,0.00113658,blast,,,,,14
0xA041Cb14DcF9F3d27F143ee76588eD9063A61197,alexandriys,284919,29140,0.00112648,blast,,,,,
0xDbd985a3Ba51c5c0Df779Ad9A29417835EE4efFA,YaYa,261789,5094,0.00112634,blast,,,,,18
0xc079b8607fA2853B90c49CA92dBC3f7B81d60c7E,Exceness,129704,1014505,0.00112472,blast,,,,,
0x75872C384475117E8C19BA27E1fBE8473aF9ebC5,sslyTM,69841,1096467,0.00112297,blast,1,18,,,
0x24Bb7d464ffca12bf42daeDFABFd1C1c2940aF81,BALAGAN_peachess,218933,338724,0.00112282,blast,,,,,11
0x0221283422C013eD1cDBfD26358AC40812E4c636,Enoah,168227,78812,0.00112229,ronin,1,,50,,6
0xfc8993b6f0B0Cc8934Df8B368Fd116Cdde480F5f,theplux,277510,65668,0.00111997,blast,,,,,
0x4274DA82AE5b8E21FFbDE8d9cb7d927E2E834486,HCOviv,53266,1478366,0.00111077,blast,,,,,
0x44239DB3d29828d05227b02c2e5B23a5C6919e44,kazemj.eth,129442,100049,0.00111070,blast,,43,67,,11
0x957943AB3069e6E79eD0E39904adc00Ed5c2C80f,Kowrail,281241,25356,0.00110985,blast,,,,,
0x4e715286A0E0e9464df5d27ed725c1357a29BB37,PizzaMark,261296,72712,0.00110766,blast,,,,,8
0x03760d67CcBb6c352b8B348B620E62c92624EF28,vnv53,106383,344175,0.00110657,blast,,,,17,
0xC2B1B56bcC26C992285fDb63ccF7223562Eb96a9,Vovoh,184272,636300,0.00110591,ronin,,,,,
0x46223FBA192f86796Ed0CEFf04a9e102332EF720,pandosy,202046,292897,0.00110461,blast,,,,,24
0x0E9f34cfd664A5F736c7085FFf88858B38c00319,CGR-SlyVII,276594,45094,0.00110383,blast,,,,,
0xBDf2f130DfcEa0aA443ca3bF20d4C1D69103D49e,cocomiel,29250,240643,0.00110240,ronin,,270,,,
0x43DC60bc70583A0606D48d643738F53a23a735c9,Gandalf,128734,760869,0.00109093,ronin,1,,,,
0x0333FDa93Aa1Fd04cd345BbDbb5E68c2D1FceBC5,Pechu-Pido,22611,1635122,0.00108729,blast,,,,,
0xa7055C21174184eE94e15B77b02B87B00221f9D2,femboycrypto.eth,140722,677401,0.00108657,blast,1,,,,
0xe724000f8E19F503a8D6a8bF5920a59e81C09Aef,SBEY1337,197496,109910,0.00108566,blast,2,,,,
0xD1dec194D5DE428Aa19F12E56943F502Aa842316,kost9nch1k,190879,362290,0.00107453,ronin,,,,,19
0xF1CE1391AED616ecd4D9D34E8F626d546B3a0B26,MatinTheBrave,109118,1061135,0.00107311,ronin,,,,,
0xBc718f9244419affBE7A715fe632e91C0A167b61,Kwadoctor,226571,149220,0.00106509,blast,,,,1,11
0x0089A3f05F9B14dA55d2db8Cd51629bf528c986a,Surprise,201570,332076,0.00106281,blast,,,,,13
0x3c0929381E98Fda8e8fD36E0D51273F63cdf3450,Vaga,255241,102617,0.00105590,blast,,,,,
0x7cb0F1F5eC42cBAb659D176a20D5D99C87Bf7F0d,Gladiator,237544,207292,0.00105101,blast,,,,,
0x948949eB38b52D69DA08498541A99673245f21D2,HU社区,257528,78104,0.00104982,blast,,,,,
0xAED024ED5fBEac49c187Dac5884d8Ef2f1B7c470,HCO_中国,51681,43382,0.00104592,blast,,35,,25,
0xEE1E5Ff0Ab048F500D7dA4415169923Acc467BFe,sud1ya,260129,48552,0.00104188,blast,,,,,
0x2Fa4700c8580Bd6Cfa458D8A0D5D750F0C03Ab7b,Lexbiglamer,177592,567723,0.00103801,blast,,,,,
0x4946B6F70f92E8611Dbaff98051FeD6897611CE1,letsgetretarted,250963,40156,0.00103593,blast,,,,,6
0x8Fc41205CCd5a37638E47B5B84e4Fb50Dd3115db,kol9n4ik,227575,137689,0.00102777,blast,,,,,10
0xE7B04577fA0Fa2AfBed257c919f997c992F8C282,mopozeugod,170102,159045,0.00100910,blast,2,,,,
0xad8D845edC154F865d725D2f50E2450B4b515d8c,heineken,166028,428088,0.00100642,blast,,,,,17
0x639EE72F4F2C37B5f92D34BB299d2483805852CE,Impeccable,232194,159486,0.00100098,blast,,,,,
0xB6691144C0E75CCa94e465c5532ea45302Cc6f1e,EZ,248076,57987,0.00100075,blast,,,,,
0x91CE5b6e53504aF656dF6fd4098ACb1a9951c159,OPENARENA_BALAGAN,217080,5010,0.00099879,blast,,,,,26
0x67d832d19645a61442Fd7967F9Ec9Fe42bf271a6,cryptomydak.eth,195564,293996,0.00099874,blast,,,,,10
0x39ABF4bbC311f53e2D51d9b09e586A6D35Ad141E,远野,252073,26179,0.00099686,blast,,,,,
0xc21Da877a199a4c9E921Eb8950b43a58eD5F3485,Norgard,236473,124127,0.00099602,blast,,,,,
0x8d68a00366FE15ABfF034270ca05FB27da8a8c24,CN-闲云野鹤o,222957,209806,0.00099579,ronin,,,,,
0xCCE7344970914B6F864a7041462C2Ed1c219b89d,traxat.eth,197126,286761,0.00099459,blast,,,,,9
0x079363011e1E79095f9B640B3C281c5C7B364425,WBT-hoc777,162597,590193,0.00099339,blast,,,,,
0x6F05bA43673b5F9De00bA7d04FF4fb68d5152583,cpp,184347,217404,0.00098733,blast,,44,,,
0x1F546918fA878e94e15894b1F03E0C5dB2FCE069,BenkoRox,25552,159427,0.00097561,ronin,,,141,,8
0xe26752A1D8d1a59CBEE278555D8D33618Ad0919e,BMDLordY,75867,1112691,0.00097523,ronin,,,,,
0xAC8DF35D5515aDa27aAa2b272Ac05D38EfE21236,Nerbees,150888,212001,0.00097201,blast,,,,9,
0x0B18C8f60E37F53311D71bA0964a60D9FF837a7B,smile,135943,22197,0.00096741,blast,3,16,,,
0x35102E2B05d35D36510d4C04414029ffEE60572b,yoyo,183556,305901,0.00096510,blast,,,,,11
0x073D14152CdDE87Ae2Cf0FB6317f7922ceC3FBeA,WBT马甲保命不要打我因为我的名字是这个游戏里最长的一起干外国佬,178093,437756,0.00096053,blast,,,,,
0xC8fDD78A80A96B8504c1909fD7577524B8A2c06C,Shisui,171631,136149,0.00096017,blast,,,,,36
0xab3De43F3590C8e35a295c557bBd8dcB47b581A2,Gorus,90412,982802,0.00095245,ronin,,,,,
0x69D1777b4EaFAC81C67b8647E557e36798482C18,Colours,143430,145026,0.00094954,ronin,,,46,,11
0x72df0034bEcA8B21599F88b3Fd7AAfDeF31C7D3f,Shev,110788,801291,0.00094886,ronin,,9,,,
0xB1bA28cFc4C845581E23584055bAaF163753F375,Explay,230234,25755,0.00094647,blast,,,,,6
0x0354cf96c36Dd38Cf43DAfA640B0172fb85dcBf4,WBT-Jimmy仔,149890,568715,0.00093082,blast,,,,,
0x4AdF68376Ec53264e256e409B61DDDA19210C3eB,mepo222,11909,1445200,0.00092958,blast,,,,,
0x6597Cb2A196bff57228F7fe6C92B141AABA743fe,Rock,206901,134748,0.00092810,blast,,,,,7
0x7E06fD3510d38612BFb1985AC4e5AaE5d2066C40,Yeno,21727,12654,0.00092800,ronin,,67,114,,6
0x19ca67AD2212De92959060556f990d77AD106cBf,FateShaper,96694,899382,0.00092591,blast,,,,,
0x00d6378C143B7A312A57e4f36c70D2816a3D49Db,CN-xxxdii,204894,208583,0.00092475,blast,,,,,
0x3D20435331A1f0731aF9C5a606c0D77F28021b3D,ceromiedo.eth,203154,59909,0.00092006,blast,,,,,16
0xe53898a11Dd21e2927379EA0d3ba49AE15080C9E,MogznMANA,101447,124091,0.00091699,ronin,,119,,,13
0xbF66744E6c168272Be05584F80D1229F1013970f,MasterRPG,134515,34749,0.00091315,ronin,,94,,,13
0x30Cad8C0933021d3e4F7Cb1e7D2f361f44CD8239,xboreezyy,100680,151834,0.00091184,blast,3,,,,9
0x78df075daEaa1DBA6d0491a3042e067D5aC29e05,myr4ik,204448,130040,0.00090987,blast,,,,,6
0x2eDbeED1003142b7decc9eEbceca8aF26Eb0FFb7,mercy333,199616,208934,0.00090443,blast,,,,,
0x7e347eF5435888fd1beb79EEc46B38D8bE3bA6Ca,sailar.eth,106915,745497,0.00090001,blast,,,,1,
0xeE5De9939059B530D3825F90A16Ad5a5ead4A741,kitenok,180478,206663,0.00089828,blast,,,,,12
0x5a517187Cc64FEf7bCc4469F360F24899B11774A,Anonimooo,150164,408749,0.00089646,ronin,,20,,,
0xeC8ce7fD71B865e2Fe3208fC398CD3552Da3222B,Michalaycou,209699,54052,0.00089548,ronin,,,,,8
0x45E51FE4Ed943d2eA2FB6fD7E4ad8095d2926839,mepoxzkz,52649,1066403,0.00089295,blast,,,7,,
0x4ea60E3933d2056C3193C0c3Aa3421A6e24c0f16,Dan1mon,218937,59795,0.00088847,blast,,,,,
0x9e8212Eec6FF3aF592f0699c4132d07cA6da2d55,Sol,145746,466627,0.00088716,blast,,,,,6
0xf250F73d03ac6B7E895d39a1C6650bB9114Eef8e,akenBALAGAN,173330,241168,0.00088574,blast,,,,,11
0xE076b6A49752D3413ED0DA854c021272aeCbDA65,Gangpr,224398,20091,0.00088545,ronin,,,,,
0xa791C41808cbf536f99cA031982aFba78BE263C0,DENISA_BALAGAN,206457,10204,0.00088511,blast,,,,,13
0xc439efD67CDC7545C802c3Cad354972E2A9F2350,djhvost,155115,453196,0.00088055,blast,,,,,
0x2D32D5Da04cdADAa69084186f3C2aDb94bd8515A,TGGMclz,173075,280992,0.00088005,blast,,,,,6
0xfEb72595246A155d9eEca4AbD925e7539FfC16fe,kiwi,197550,66321,0.00087780,blast,,22,,,
0xE60dA86c598d54b755516bd4ed9B2529Eb4a399F,Phil666,175809,46267,0.00087653,blast,,,7,,22
0x702585b9cc8E8f370E965F690F832Ee0D7890621,Kaearnm_BALAGAN,204851,124876,0.00087343,blast,,,,,
0xD6806361a608C365656dFb3d0CdF031cB16812ed,daddygibboBALAGAN,178341,287540,0.00086969,blast,,,,,
0xe7717EbCA636cD2417ADa4889E306AD71BA4077B,LXF,188236,101671,0.00085849,blast,,,,,11
0x5fc32F13C775Be9a02D887bDb4597a6f7E6A5f8e,pozedorodo,85238,731170,0.00085405,ronin,,,,,13
0x64CCb353A0aE1E3116E697e86f292E56635769fc,BIGBIG-KGeN,67051,149022,0.00085198,ronin,4,,,,
0x5987a436cA03940F3F42a06bCDDFC268F6f7ACC1,Santos,105659,721201,0.00085190,blast,,,,,
0x8224B18f7E612FE30174bFc90148734FE747FB44,DXG,200155,111509,0.00084699,blast,,,,,
0x4091D63Db029161509B69B31b56367eCf287c64E,Nall,167220,178857,0.00084131,ronin,,,,,14
0xBf7d9F6F8793Bba2b2A2bdfF97cE361a08d4FF18,hcomf,169284,409,0.00084070,blast,1,,,2,
0xc628E302B2D8caF5524B1E6bC19BeB91A6Aa460B,A我一下八辈爆炸,166546,28138,0.00084012,blast,1,16,,,
0xFAEDc2af6B926EA0Faa0E8dF75d78d54F8d63BEe,Bylooo,186163,175247,0.00083149,blast,,,,,
0xBAEA95c9032d5Ca5Ae2b1151505bd202bB49f016,TGGDragon,208010,25328,0.00082488,blast,,,,,
0xd331993088F17c7910ab99270f06A747086a0b0B,中国人不打中国人,180410,197194,0.00082252,blast,,,,,
0x1978718055a006F99b3C1bE484583fB372ECa586,Temivel,47964,980573,0.00082077,ronin,,,,,6
0xa86e2c1917025249c80AF78Ea7Ea8385e7F683cB,MinhArte,201128,62026,0.00082053,ronin,,,,,
0xDeF528e85029c76823E5dAB1eC825865f78beadb,ZELYASIGMA,82346,212651,0.00081918,blast,,,,13,
0x828673294311CEcA36F84Fc97786E9aded8F17ff,nemesisqq.eth,165032,155319,0.00081842,blast,,,,,14
0xBa0fFF226917b5C74fD47693959D840a3c29E0dB,lissik,140178,37188,0.00081818,blast,2,,,,
0xdc63Ba258EAdb0EecCD365e33463cdf495F9d0Fa,Valanaar5,153295,361589,0.00081748,blast,,,,,
0x32DE0d22B267c84655c1Cb103D25A7D076491EA5,ordenor,181112,106230,0.00081613,blast,,,,,8
0xC4DC42B19fB22089a1c165D7dc9F6E426adF56D7,Pandesal,29519,1090174,0.00081598,ronin,,,,,6
0x9D083bC354E3D4b39b9CA3C77f80FBF95fEc3C76,wiqi,69999,184655,0.00081506,blast,,123,,,8
0x13cA95c065b7bE0756f44a2b2B449b3A54ef4Aae,simox.eth,67257,390665,0.00081207,blast,,,60,,
0xc60a7df0f43a3925707937AcE8817bb8259d2269,Lostmary,195719,81284,0.00081125,blast,,,,,
0x1ab608B76dE67507E1d70441Ee9282FEFa17a334,gubami,158755,219307,0.00080986,ronin,,,,,10
0x889297475ab762cbEeB77f5f4a4A68c74983812C,kos1one,163751,210604,0.00080656,blast,,,,,7
0x36BF801362695Ba51CB96dA42e688BD358423ab8,Darkman,183961,142137,0.00080269,blast,,,,,
0x014521316F471E5059b8e87c5D0C731948512720,Emilianooo,174882,55276,0.00080141,blast,,,,,15
0x2d2Dd269E650822541dDec714A0447775f89FCA6,wtfGueeny,169947,24971,0.00079854,blast,,,,,21
0xdAEFF475B2Df914f3AA40086B803CdB4958561C1,pormento_BALAGAN,153948,257606,0.00079714,blast,,,,,7
0xE644fad77183353E6a156B9B172e5803889b92cF,lorax1337.eth,177764,45863,0.00079525,blast,,,,,13
0xe92F3569e34306F7C3E38BB4660df1D8f4095174,CN-姬辟谷,153821,318962,0.00079348,blast,,,,,
0xC6e333313faD2427bE1eb68b9B54d848F20DD001,Chucho,186994,20421,0.00079309,blast,,17,,,
0x2e695685eb910477A575A0a8E10d6a1E5DCC1360,SnEgA4,137072,262574,0.00079259,blast,,,,,17
0xb2c9205FA7658b57fd3722237f5a56Ec156Aa5b2,Rosath666,201905,8635,0.00079092,blast,,,,,
0x9fAA71c0D4aA5BD53E73b478773eb3D38158f0B8,Luigipower5798,128043,69521,0.00079073,blast,2,,,,
0xADD713C556ded3176B9F07D37af3c6a019D1A76B,Cnnmn,190537,481,0.00078818,blast,,,,,8
0x8F9942eD35D867Ee5bD7D95B73fF376e53Af486c,Hussuh,162877,40835,0.00078709,ronin,,30,,,6
0xAf33Fb5bA7c9dd55B49510cEa8876b0940556c20,kulick,172577,183423,0.00078363,blast,,,,,
0xAb1968B647e10BE54207801F8CA8dbE73a4D9E99,MotherKoKo,176622,154154,0.00078148,blast,,,,,
0x571bDd2fdde1329D3C19ad29aC623964E1d71014,Radish,153927,244198,0.00077937,blast,,10,,,
0x1b285D2FF6b705e40fDEa3035c2d35b7d3b6fa0b,Farmila,199518,0,0.00077636,blast,,,,,
0xa11b9c4Be8B6F4CDEc0fbd41330a9c55E84E4E71,darq51.eth,161761,145327,0.00077635,blast,,,,,10
0x7589F509204d58A8663d17C0D003437a42076f1D,waxfelll,48809,958691,0.00077583,blast,,,,,
0x793b364615FeA514149F9Aa585842b2890657BbB,Minatoeh,152661,290931,0.00077183,blast,,,,,
0x96d10190142DB35997BE23c6f6609dE05923e644,TGGKABALbinoLIVE,107415,494855,0.00076687,blast,,,,,8
0x5A66F10728785bB06c80256293Eb29fA8ce37B9C,DrakeGalon,96481,10875,0.00076639,ronin,,,74,,
0x00c5f303bcFF2Fe2De6dFd523562D27C0Ec34A9d,GearDevil,118449,489435,0.00076002,blast,,,,,
0x8fcDcFD10e195aFD89B9B35C5faCe98ef3f35D10,90xGGG_Butko,173150,92829,0.00075886,ronin,,,,1,
0x4D1F3aB93c79ABfA8922Fc9142e3FC28da4AA6C2,CGR-Viespax,175321,124037,0.00075801,blast,,,,,
0xa0726F86Ef89438b1e197EaCdF0981F82A79Ae04,Ako,156804,1571,0.00075296,blast,,,,5,
0x74E380C18ea933d16F6180d89Fac9D4e2F35e080,Infurna,176906,102895,0.00075126,blast,,,,,
0x6334c3429Ea0e1379aBfE17703D763fA0021bfFE,stoneface2.eth,164419,123087,0.00074986,blast,,,,,6
0x9D173421953b3304ddA7ddB236Da72aE2Bbe7115,Kcilor,169170,149171,0.00074944,blast,,,,,
0xF8168d7C1C472B01f86BBA30b6b94691b843B036,粉色大炮,173067,119908,0.00074672,blast,,,,,
0x5099176198f7f772b2F88FF24182a606B16893B8,juliwicks.eth,13412,1126953,0.00074093,ronin,,,,,
0xeF8A024d1279552Ae6aFd85B469A2d47a55FD972,90xGGG-abime,86987,500074,0.00074072,ronin,,31,,,
0x61F3E805fE626821600def5C73EC1489A1b01f95,Strann1k,146765,26993,0.00073960,blast,,32,,,9
0x94Ba878c798242A651682B63617Cbfe75B3224B6,Obito,180075,61736,0.00073843,blast,,,,,
0xDc61C24409f2F9365e550ccB002B6c1b0f308129,coldy,129136,383211,0.00073669,blast,,,,,
0x9898092fA250678D59570A414355De187501FD0b,MarcinhaTrincaOvo,183984,30318,0.00073444,blast,,,,,
0xeC8a4157355AFdC4288B351D1b8c4f4032c91Ec1,Korvac_Mana,157603,197857,0.00073418,ronin,,,,,
0x357cC01Ebd7503cEe2fb113e08F1Da103bA053dF,Raketa,169295,27360,0.00073357,blast,,,,,10
0x5dF25d80a57213273843fcB7eeA4d3c2267ccea8,evw0lf,173143,51085,0.00073332,blast,,,,1,
0x4Be6aff652A5B6753269161C6F6f4b80424762a6,Hev1kss,95870,581964,0.00072872,blast,,,,,
0xD75FF0A3DA9d734a9264a0DBD38c86C619177D50,90xGGG-RivalzZz,62266,71472,0.00072741,ronin,,,85,,
0x279fCA4994c82293eE90EFd3312261C772976Aef,metacryptonian,142329,93663,0.00072725,blast,,,,,20
0xd4CAd07eE74A10B2A0DDD880Fae21F7E9ceC6C2c,Deff,167053,57179,0.00072564,blast,,,,,7
0x1BAE4c798e1eEC8f7931D902f133BCA075Ec07eE,LeoMEGA,39892,387320,0.00072432,ronin,,,64,,
0x86Bc1A870F67b67685bbd324B1A85040d0f9e6c7,bleed,105264,514815,0.00072423,blast,,,,,
0x9Ac014537c76834b53C40455091C9B99a055592E,Roix,171914,32784,0.00072384,blast,,,,,6
0x7Ed498A6A365940DF3D639b63A162217DDD52639,suryk,156203,54878,0.00072268,blast,,,,,14
0x13F6452C3C482f0AD14b14e944A3e32879B48730,looro,158266,41690,0.00072264,blast,,,,,14
0xFD15A26F6D02043e74787c8341B7A7F78C04d39A,khekhe,143469,163591,0.00072214,ronin,,,,,11
0x445092f904aAE878c0ea84720518273f07464d4d,alterio,142205,218367,0.00072165,blast,,,,,6
0xb20aBA6008AE85DAC35CcD994F02FdE9e786537f,Quartz,132884,229304,0.00072111,blast,,,,,11
0xE185889d284a987773FDc1db2566a68719398599,jfv123.eth,135097,317181,0.00071953,blast,,,,,
0x1Ac5E64480D917acD38BD4383604Cb8a76F68fDd,Nejire1,80860,535130,0.00071720,ronin,,,,,13
0x9086260db728f15E73446f94d8156a1705227d79,CFOP_RUSLVMBRIA,143956,76977,0.00071176,blast,,,,,18
0x3A1C3d17e9dEc2B11f93660b2CB63Cc21Da98795,WBT-七安,161300,137109,0.00071144,blast,,,,,
0xacFb67B1edD43b5C1937CD1c29F3127acE637703,BeicoSecoTTV-MANA,165847,107587,0.00071109,ronin,,,,,
0x52670D39C95F99b2885E635a44AAEDF42a77094a,DHT2Ca,85822,61158,0.00071105,ronin,,109,,,
0xBfcE082E8bB19F390577571EdA3740329fa5a402,MANA4pollinho,66912,13395,0.00071085,ronin,,127,,,8
0xeCBb6a6360aBc7F5AD21980c3373Ae9d5b09A4f2,KARAMBABalagan,161007,21903,0.00070960,blast,,,,,12
0xE7036cEF0e9DAFEAEF9385946B9875eb2B7e3D4e,vanuakobrin,172820,59693,0.00070895,blast,,,,,
0x8f480BCdCfc553431A591370829b0F2c56B042B5,MiraiLibero,98099,216632,0.00070735,ronin,,62,,,
0xe5905aDb57D58E00823ec40B6b2f09CEcfd25a8C,Acris,103617,497229,0.00070707,blast,,,,,
0xd5B4971fc6Ce0D0fe9fD435fb329C0038DeB38F7,中国人Beatmetodeath,154706,113901,0.00070645,blast,,,,,6
0xdEAd4B381388999a7F52fa24D3E0DEB2461F35ca,WeedDoctor,43875,875009,0.00070549,ronin,,,,,
0x66E8c51E0A744101D58273A1595f6c78AaE1D715,bonbon,123190,30522,0.00070433,blast,1,,,,14
0x4FdA8506e36E27F88072b0ec1632150aE3cf3a95,BALAGAN_NiGet4,160828,2533,0.00070287,blast,,,,,13
0xD1b970CF495ddf3D5172678A8ECF190Cc74414D5,PRYKOLAYZER,131831,309661,0.00070223,blast,,,,,
0xfC61668B2a98A99e3F5Ad93f7716b55FB7BF1eBa,A我一下全家爆炸,139072,50406,0.00069696,blast,1,,,,
0x794A788d7ce4bCA157186D6c4AF0a87d64Aa226B,Drummer,103290,405422,0.00069616,blast,,,,,8
0xb81F9a948ae06a8193E58253bBA7A6e0dA109217,Sezecsiz8,129214,212954,0.00069103,blast,,,,,10
0x3492C3D62198d40eA8a27dbCdfAa98Fd98D763b5,observant-one,171453,38500,0.00069068,ronin,,,,,
0x1f231845a8C0575C99B905650670e2aFB81f73Ff,k1rukatooo,157126,29824,0.00068772,blast,,,,,10
0x4564EE58d4aa9E1dA0ABCBF83e30b569f8218FFD,Bug,38642,878050,0.00068698,ronin,,,,,
0xDed18ccA229b5c304455681F6c5dd1cceC5Ffc8b,Ale2RD,166539,61307,0.00068550,ronin,,,,,
0xA02b34f9EcFFab554F0FF98Bf710eaE67a3F212d,upieie.eth,107397,284578,0.00068476,blast,,,,,16
0x22b7C04E1A6b419D9B392e89B0Acd8AcCe289494,Govnoed,116356,379420,0.00068464,blast,,,,,
0x0f72A1E2c1B159a4eD454876e3240A72389C0DE1,Bavovna,76911,16131,0.00068413,blast,3,,,,
0x3b70FF4cb7687A852eCB4f227c6D3D490E5d7f31,doncelione.eth,129648,99533,0.00068149,blast,,,,,20
0xa6270D7b27ae5b74b805b369C769301F16414b19,MEPOxXChan,15188,198391,0.00068035,blast,4,,,,
0x7aa4E1128a6965FC92beC4aC92B6579D9762e2E5,Mrat,164338,17568,0.00067857,blast,,,,1,
0x643b7F16343Bf8e5F8e74A01104eF1eF34194416,90xGGG_Makusui,135846,244382,0.00067795,ronin,,,,,
0x0FCf9F7e1974acb95386a5CA9f1594908B449264,krypto,167391,40108,0.00067586,blast,,,,,
0x163ad77bba3A5E5f9Daaa4E60A5258c21F5062aa,Ramiro,134921,41784,0.00067554,ronin,1,,,,
0x01EA833aF379738c78Af3f30CC77a3cE07C1EE94,henryy,148014,162824,0.00067546,ronin,,,,,
0x20aC308a5b4455645EAAC013Dc08653E682Aab50,BobbyDrake,31074,905337,0.00067421,ronin,,,,,
0x4a2000cB42b3db2164618881b81370538825DAC9,kasiyツ,96091,489374,0.00067299,ronin,,,,,
0x9eDA8f94cB3491CB1b2aE4e5F1eB7571BB55DA0b,xlite,134099,123428,0.00067275,blast,,,,,13
0xE56B6ac01F112e7C0358edc1a85068FC9B92FAaE,DiziFr0st,55403,747938,0.00067269,ronin,,,,,
0x5F6b5178ca372D08C309f814Ad2d30C7Bc889344,Guthix,53278,51610,0.00066871,blast,,56,,9,
0x3aB6011b190ff6DB2E117ed54fAe4cd7F1B81cDe,SatThan,155596,46386,0.00066865,ronin,,,,,6
0xf833f9848d4495D1f05bF57B25132211575fC9D1,Prival,140266,57853,0.00066829,blast,,,,,15
0xc9A520472a0964086B6D30874f77Aa22Ff35a31E,CN-彦祖,41596,10010,0.00066797,blast,4,,,,
0x2c9001802A6190D5580b3108fE9cfE4E1cC62106,Fl1de,91351,153382,0.00066770,blast,1,30,,,
0x88E8Ac543FBc40446388E66FcaC5d45c6bB04B8a,G2ard,153228,31359,0.00066768,blast,,,,,9
0xe8082453e5aaBD735796539eb636FfC683905310,WBT-ZC,127585,193686,0.00066711,blast,,,,,9
0xE9dE72E881cDE5b6573EEa0Ac19cc2aeFC65CfE1,神秘-良,156300,91204,0.00066393,blast,,,,,
0x48D55324f88D7417E06F1A8E5d5BA5811d078B7F,Pomehaa,160330,63808,0.00066287,blast,,,,,
0xaD3613A25B3A0c053A1A4D05D25bD9993249592c,Rooteck-MANA,159469,62943,0.00065899,ronin,,,,,
0x9a34E98EFf7F1B781C42Ff496E1e5419bd9f60b6,meta,146772,141372,0.00065751,blast,,,,,
0x383b7617C1D20Ff9a4aB5e7C0Cb188e6AE007D66,zinonn1325,25438,83723,0.00065547,ronin,2,,,9,
0xC3eFd2C10922b68054F90d2adc1784951156aa93,TGGlioN,129698,244820,0.00065430,ronin,,,,,
0xF681A4FCb4F0CdccAF40b5B4DeB0c6E1FE895282,DashowTGG,160692,46553,0.00065373,ronin,,,,,
0xe5266c3DF0ebCE127E20D82340d80219a9345089,TABetta,24684,911750,0.00065327,ronin,,,,,
0x3136eB150e063B764974d452047496Bcf452A2FC,FzmMANA,127802,63199,0.00065210,ronin,,,,,20
0x0ac95dcd956Aa46dCe2EAcf30EeC41842c541eaa,otrix.eth,67085,638258,0.00065111,blast,,,,,
0x94F69a8075758BDAD8FEaB86eE5e32e368e5dfbe,KOHb,144680,86484,0.00065068,blast,,,,,6
0xd75057095A8E10472a85a634ABaf0275238FD52F,oral,79037,17029,0.00064822,blast,,59,17,,10
0xb35c3cA89128efA246A438319C3b8Cff64D6A538,Radogar,162614,19840,0.00064488,blast,,,,,
0x795E20F3d1f8f0991b15f552046C1B2Ece5440b7,un4g1vable_BALAGAN,115590,194556,0.00064420,blast,,,,,13
0xA160E89117DAF8607E39Dd2d7A265b0089325af1,ilovedoingm.eth,113803,327595,0.00064304,blast,,,,,
0xFC73Cad8f59e79c898b35161724D5f1CDBAFa26A,Opeon,94363,450500,0.00064251,ronin,,,,,
0xc34C88dF1238C1dAA240526e1299E3f7B043c166,WBT-MAN,133761,198247,0.00064165,blast,,,,,
0x379b5D286d5cff4189e9BcA9c42672199409f3e6,BitDegen,117465,301445,0.00064130,blast,,,,,
0x79D6bD2D954BF81fb0E43bB363575D853BB344B4,Nervouzss,133425,198391,0.00064043,ronin,,,,,
0xBf2A95266f1A522385acB9a1FD05774aAa18D366,ThystinMANA,81871,526288,0.00064022,ronin,,,,,
0x28E714608A632B2aC89d6119e0CC898495a669a1,神秘的东东,146472,109781,0.00063704,blast,,,,,
0xbF7d34EB0403A3f3181cac1EfEE50bb0fdCb5929,Patowsaints,146141,108760,0.00063513,blast,,,,,
0x4B6d0854Ee25E7F38b0A1CFcb7A1Ded06a30Cc69,nomadix_BALAGAN,97283,324646,0.00063504,blast,,,,,10
0x301b552D3be01ac626ae184DeAF0dd41941F852c,Noklini,111540,186606,0.00063212,ronin,,,5,,10
0x9cDA8Cb2007cFEa092D8c01955f6c39388Aa0a15,神秘的巨龙,128775,209386,0.00062905,blast,,,,,
0x27Cf8f64bfdda36149bA8B0D5a6E8a57a2580B6d,PK_godbless,142380,121703,0.00062840,ronin,,,,,
0xa8c145B610c33c0fDF543618114AD96624268DA7,atylari,74748,474891,0.00062756,ronin,,,,,8
0x9Bb4cB5FA706f2079c3bBd3488bE05AE7eEA2C06,CN-Guuu,149911,68408,0.00062514,blast,,,,,
0x0B863Be677BdE432E5782eB990a67E321cB7086D,TGGExCapz,73154,556709,0.00062489,ronin,,,,,
0x5a5818236f79E9d9F39c80F84D0Fa2968c75A26c,tendo,155604,30785,0.00062430,blast,,,,,
0x408682ac02Cb9bdb4931f591bB3AAAC567c9148D,PK_AKAKAK,44619,733901,0.00062214,blast,,,,,
0x9a3F50A3442885BEF4c2C88Ca20e6aECF3Fe7089,KeaaNqe,140612,0,0.00061685,ronin,,,,,12
0x36C9FBEC6E87Bb002Aadf321460eEfE88a490BD0,shprot,128992,34094,0.00061571,blast,,,,,16
0xa71078138D848C407d8654E7F6539cCfd7721997,SLON_BALAGAN,117567,162931,0.00061514,blast,,,,,10
0x7B07Addf6eab6D3F62794C4F0Ecb86E59F65bD4F,WBT-K19,104287,137859,0.00061505,blast,1,,,,
0x888565699D59Ea660AC484976d3B90c4116eC811,HCO_Laxo,153301,27876,0.00061356,blast,,,,,
0x03eE7FB876Efa1C212Dc87a092e8D37a98c8A825,Ukrlan,78943,496990,0.00061092,blast,,,,,
0xD8a4508492f13e2E55b4a77a3AeD08f43e9Bd853,心容山河眉藏锋,106723,319232,0.00061038,blast,,,,,
0x69F9Bffb3D8e900564E5aEBA4fb99455E26cD4ea,LebrasdeDIA,151388,34847,0.00061037,blast,,,,,
0x1A2Ded7FD2b6d19bCb77Eb9A4B8Da03fCbFebf2e,mhmmm,135452,134106,0.00060903,ronin,,,,,
0x119011594B746124f03deFf4240315BBD70308B8,floppi,149062,47072,0.00060879,blast,,,,,
0x7E9a6B8D24d400947C402fF02dB64EF293E8AF25,Glacio,71300,427509,0.00060842,ronin,,,,,12
0x20CCa4c77d3285DF403FDD209cDE9D17549a41b4,KdrewMana,150602,36154,0.00060811,blast,,,,,
0xbFd58FEdE1951EC23e778902C26cA6c6A7eab314,longlive10,124082,49392,0.00060595,blast,,,,,16
0xBbea9f7f64df3FCfa0a680f3A7504a57e56f004C,Blackoko,124555,43781,0.00060507,ronin,,17,,,7
0x2779940dfEfe546966c1036da45828778d115bF8,MEPOxAme,34871,310156,0.00060121,blast,2,,5,,
0x1FdD90E0F6692eFA9Cfad13A77ABde49269F03Cd,EggCTAC,136140,114620,0.00059979,blast,,,,,
0x064233686B714b9E3b59Fe564a156a885Ab6a88d,Joinewer,65360,564565,0.00059936,blast,,,,,
0x1Ee47E6e2C55d1ef8bE0C93c2e65378FbaEDd152,akne,152872,7011,0.00059914,blast,,,,,
0x1F71969Deaf5D5C8f1Cb32CB4890b5E2db21485d,GuhzeriTGG,82425,452059,0.00059701,ronin,,,,,
0xA035D79a7F0A1743855E79B579FEb7BE6917ff14,1xGWYN,138906,6166,0.00059656,blast,,,,,9
0xd2260FAb735B9BD487253527af53b0f1495E402b,koi,142060,69439,0.00059522,blast,,,,,
0xE2734097a9E891dDD96De40663d4f123eC281686,LucianL,59489,66492,0.00059411,ronin,,,62,,
0x9840C3dA592d0bc8A722aE1510AEDbEef9253F4E,Deimos,61377,580527,0.00059362,ronin,,,,,
0x8D000b467B581a4036231B7D267A0610FCbc9603,Tsaava,87861,307325,0.00059360,blast,,,,,11
0x63b9E4e757fC107250790A10Db00D6e0B18b2F39,dabstep_BALAGAN,82380,445911,0.00059307,blast,,,,,
0xec3c19B21aAFD2fc0306e5Ff8aD547c0174e2012,swiftrunner.eth,102483,106126,0.00059299,blast,,21,,,11
0x2ad827F5040f4286431ed6e613CeC7A2423e4Ed0,FOMO_BALAGAN,128522,75510,0.00059272,blast,,,,,8
0xC6824f15a967DC46AAAd76D8D47d1795b930DD8B,superhill,134105,43155,0.00059183,blast,,14,,,
0xC82f4f59719bF7857A3a90b07d42dE343B2bC194,johnyvendetta.eth,131475,73053,0.00059109,ronin,,,,,6
0x646876d9f8a14c9e31E238d9d6bb5C09de25dC0C,MIKH,136826,520,0.00059082,blast,,,,,10
0x3D9dd7e63eB56609321c7e976085Bbb3b4822700,DoomglaneF,140622,19934,0.00058774,blast,,,,1,
0x2d0faBB6dCa5A6E8fc7FfFD827aeA48e4E128E9f,Yerrrr,121288,84803,0.00058768,blast,,,,,11
0x38Cf985C258D15d8Eacecf7687Cd9f523BC080e6,HCOInnos,136162,88282,0.00058378,blast,,,,,
0xE77455D5C5ea684425F4EC37410a2742040Bc171,cfopMamkinElon,100847,217550,0.00058346,blast,,,,,10
0x7fd1bd7b37F2E8f0448f435a32d8425288aC0B22,KKKK,128607,36660,0.00058093,ronin,,,,,10
0x12C7dbcFf8f62dAe0F53d19351dCbFd6FdbaEA23,DewaKenthu,111306,135977,0.00057944,ronin,,,,1,6
0x2300878c6E8fC1706CAbDF86f3d70F909bf572F1,miwko,32286,121515,0.00057702,blast,,121,,,
0xDF8195e6C38249ADAA9576Fe6486f4cE74938981,90xGGG_Hamza,23842,51174,0.00057597,ronin,,145,,,
0x7612F147FD2a1df28ADd5feba0d0AF6D0F93cEa3,BobMendes007,107417,200307,0.00057525,ronin,,,,,6
0xD1Ee78986Af2B97D8701cfBcE4279F8488d199d8,hcoFirenova,147249,2731,0.00057464,blast,,,,,
0x31D8a126da7cc2c6b78e83D2d2C46E13b5065C69,SiRamaYT,124755,144827,0.00057395,ronin,,,,,
0x537B213d50EB1D3a39Cff923299E3F2bc6C2185a,fidelio23,131118,17942,0.00057345,blast,,,,,9
0x55010Eb86A1d7493609aC2279fFf7fe00F71305d,weldon,128143,119644,0.00057175,blast,,,,,
0x661045d9286A4db874f7e3Bdd5D2534F19bF4604,Babe,112094,132826,0.00057034,blast,,17,,,
0xB387eF5694839624940a947dC6cc74cF5B4DBC52,Bronze,48862,619435,0.00056870,ronin,,,,,
0xd6c143BDC3D913423Ac7aE89B4F54ef238c909ec,Enjqwq,96599,314961,0.00056837,ronin,,,,,
0x1A44a882F5bf78585CE5Ac604a54c8191458646C,chepa,40023,25288,0.00056835,ronin,,,,14,
0x7afCABDca74648535421012cC2499e83F7658F2E,aboba,102554,117440,0.00056800,blast,,,12,,6
0xae7155BdE48e0D2b7CF3b6e4276401De3E800b65,Baton,66500,77249,0.00056565,blast,,,50,,
0xb32D72C1Afd5F8dBc70A243F648838bA296cd886,barneyblast,115137,116311,0.00056557,blast,,,,,8
0x2DFB47471B48702F98124389DC6C98dc9c4E1757,barebyxa_BALAGAN,133750,73613,0.00056543,blast,,,,,
0x8e15b7F298a86E263Bf19f6cb1E13625431A8548,CardinaLL,81388,406725,0.00056527,blast,,,,,
0x013855fcd829D049695cc4aD21fe23F72E831F2c,NoCauseTGG,141195,23795,0.00056396,ronin,,,,,
0x95e602Df9ea5539C75767A3e8AD26487A77853E2,bluora,20835,12894,0.00056269,blast,,152,,,
0x0879D880c5f15d342e8BDf7660fC7FCB9D165d7E,Setle,53359,236756,0.00056114,ronin,,67,,,
0xEFc7651b0dC6E0aFf6Dda3683716414faB4AFa54,harasir,120749,147094,0.00055975,blast,,,,,
0x51250B6789Dabc94a644E5E05238cbA2cC2DD5c4,GABMACHINE-MANA,70074,466539,0.00055780,ronin,,,,,
0x35062591E31490dF95edf826892afD4BBf97e9bd,wilMANA,105024,35424,0.00055762,ronin,,18,7,,6
0xe09da0EBb5B0a37601eBB1A58A322b2ed4DccBe7,Karen_BALAGAN,111679,58321,0.00055734,blast,,,,,15
0xf7654f8555c479830FD437f40a7dfCEB6C4D1D44,Lilpop,15207,15099,0.00055659,blast,,,94,,
0x8f28FB21D9d1B3B8191CD3b08D669c55bab38411,VyperX,46019,617162,0.00055625,blast,,,,,
0xCeE648601e435Bb302d143907748f72875B4BAEf,Lilac,115977,94874,0.00055574,ronin,,,,,8
0xDD548fbfd89504a4F5dc8dde5EfBC9f982588667,hatchhMANA,104310,185413,0.00055406,ronin,,,,,6
0xd7d5B6feee1F7C78Bc53888F2196deBD52D9e93a,Lontra,68323,410256,0.00055399,ronin,,12,,,
0xbEFcdb58d4cAfD67181b6f9616670971eca5e10f,krunio,80186,393574,0.00055255,ronin,,,,,
0x92F6C5551982F162C1fb1A246d1ABb1c823d5d5d,eaeaea,115405,167526,0.00055144,ronin,,,,,
0x767De283bCC3dCf23C171e8F2CE32B0f0079b2cb,majeew,112578,99115,0.00055091,ronin,,,,,9
0x3E4E0B25E486E3c65A9373B31a0c81574F4B756B,Nimbz,81219,381419,0.00054914,blast,,,,,
0xA41824510374f7cbf99f10899dC4253DE08A2e66,doppelyouz,97075,17928,0.00054855,blast,1,,,,6
0x130C6db73E22192fa4e5A1Da2475F50278f4f325,Dennis,121410,124054,0.00054824,ronin,,,,,
0xA3F5D2B9Cc1184414ea70170049f581F3F43fCAD,MANANAREBA,105951,221988,0.00054794,ronin,,,,,
0xDFBaf23558188E4adc44075F9334f145265884A6,90xGGG_Krayer,67795,464699,0.00054780,ronin,,,,,
0x1707e8Ca7C619e90bD4eFC65049c1a983269bc9E,selenkaonchain,42196,569852,0.00054731,ronin,,,,,6
0xc9Cd7441Ae9FAC6026F84Be6433368BCb1eB6f14,Avantus,113252,78962,0.00054703,ronin,,,,,10
0x18cb770C8b829c3CdEC1a913D7d76F85D226E912,Hajimari,126122,91638,0.00054677,ronin,,,,,
0xc928061676457D03b115f6DAe09E315eD55b2f33,MANA_Eltin,138474,12823,0.00054666,ronin,,,,,
0x428795A32cbD5C431fEd3DdCC9Ca2aFCB31B8B84,nefor228,47765,589446,0.00054610,blast,,,,,
0x9d0Fa72bE2479882B58282b17DcE0E035F96eFf1,123waltz,131367,54339,0.00054438,blast,,,,,
0xcd663A2136d9a982c4001f14516d4aBbF9540D47,KyePierce,126145,83315,0.00054177,blast,,,,,
0xaA9a757CBE69AdEf8A562aA56046f6Eb71F54cF6,ricklMANA,125426,9651,0.00054042,ronin,,,,,8
0x4dDB1244285ec61769692f0B48F0C3a16c6a8Cee,TGG-Guima,44721,598072,0.00053953,ronin,,,,,
0x00eD7FbaD3Bb36F9995CF413c897d2b0BDCb47E4,SmeltzWard,98523,252553,0.00053772,blast,,,,,
0xD3fcc3d1089C4CA25eC4B1cFd0157EF06e41278a,f1nk1r.eth,125391,13724,0.00053697,blast,,,,,7
0x9A2624058DbbBF88d05e4BbF814415C11868688b,TGGAUMA,23165,726963,0.00053442,ronin,,,,,
0x8146e5CE6aF6f2FF74c83fF84cCD5B037A8908a0,CleitonMANA,5536,838617,0.00053406,ronin,,,,,
0x4B64ACe0eE73e410691AFa343aC0F1034F28D047,Heisenpinky,45356,359491,0.00053333,ronin,,44,,,
0x4Bf2389db5996620c65d778c6f04c74a6cEdB3Ec,ZHUCHKA,40441,145477,0.00053297,blast,,27,39,,
0xFe1E8CE68360F54252A214bF8AF6991b86ef19ea,102Gamma,111225,106487,0.00053273,blast,,,,,6
0xf31e8a1e8ebd3B2B9c22d4aF663520Ebe46cfF69,Doci,65300,455575,0.00053252,ronin,,,,,
0x5b2b830B7E0AeE0b3fe161FD354018A57D60cAb9,Sav_k11,94643,267827,0.00053195,blast,,,,,
0xA31B703d2f9C6F566f3e9dd29C01f2DA6F336deD,Antland,124834,74168,0.00053108,ronin,,,,,
0x929e594e5923355c759083622365af7c56bF3A34,zhuchka.eth,22110,90624,0.00053093,blast,,,75,,
0x25A62Dd35f76b157590129A587b4fb27B263B014,UFF,102531,91393,0.00053034,ronin,,,,,13
0x66895A88B96bB9AB967EF170FB4Db2A2Aa952a62,Mks,91757,279877,0.00052809,blast,,,,,
0x38389f05424928Ae81D683Af13BE45dc419457b2,anata,126935,54634,0.00052732,ronin,,,,,
0x85fc3C5F442Ce2980347702ada120B0FC8be0e1E,Lmax12,81777,170834,0.00052717,blast,,,,,18
0x2867af1501E40181F471217b0C95A5E2948Fd756,Carlosiankind,97310,157643,0.00052693,ronin,,,10,,
0xA55D37C1E0Bf93124237A15baB512Ac9f334bCa9,Pokaify7,124930,65612,0.00052622,blast,,,,,
0x0777E59B6E682b583338b35A6d13e8C71868adf3,0xmor1,71690,308919,0.00052584,blast,,,,,10
0x640cd72846bb9E0bd90E80CD904fC97ae8B0f5a3,Matro,94112,163134,0.00052399,blast,,,,,10
0xD72a7ad0436b5A54c08083E4AEF24F61dB193066,Destroyz,74041,132491,0.00052245,ronin,1,,,1,
0x32782D97a180A0fD5b6F775517Ac4e3727Bb624A,G3nka,63563,93033,0.00052236,ronin,,70,,,
0xc6828F7219bc9048bF82E3711C9f2A3Bb5271B4c,WBT-joker,123043,70072,0.00052161,blast,,,,,
0x4163dfa9eE4A25e950ce1a0A2221FafA29fe2df6,deadshizuko.eth,103943,38780,0.00052110,blast,,,,,16
0x13c1232C27F605CDCdfc5636EE3De2cdCA64517a,fooriua,120699,80221,0.00051869,blast,,,,,
0x78bB8db38f1b8b168A27bCaC77cE00D6e5fFe4f5,lamer007,118891,89214,0.00051715,blast,,,,,
0xd34E32F16e6C23a8aB38aAB8343b1E27dda567A5,smokepear.eth,122012,67820,0.00051622,blast,,,,,
0x9E63453f41982Ec6A60998244cd7Fc2eF2294C5C,arromantsov1,56462,483887,0.00051543,blast,,,,,
0x8dCc286C6B73eC37531A1653C2B0839b2Bbc40C4,CNguyen,93441,43908,0.00051543,ronin,1,,,,
0x975eeD912B50De20908b2276e4a3E379B102ECAd,newzzack,84989,296544,0.00051194,blast,,,,,
0x623BbAb00cd9b16b5d21eD1aF7E5dc760fb38aAE,TR4_Kerimo,62980,338168,0.00050983,ronin,,,,,10
0x40A2C0F8D5b2B42059be294e25cE7bcaF1ddc652,sheepmek,26864,116136,0.00050900,blast,,107,,,
0x3b8dbd73529613781Fe3Cb1f74E829Ffc042560A,yyyyyyy,124136,40531,0.00050781,blast,,,,,
0x348D9a27974C8D1453DdEbAAC591c88cd9c445Fa,udomahorosho,124196,40068,0.00050776,blast,,,,,
0xCe4d27b3060f29b0bb5a36d80040c121562e43E5,CN-Marshall,82125,102746,0.00050736,blast,1,,,,
0x457957e4FC2DaacaF21B75bD3dc23a8089C72f20,princesoMana,94836,157274,0.00050580,ronin,,,,,7
0x591AE4B27d66C4C1a7BBdAAAc7DccFA53feACd1C,BEAMZ,127380,15945,0.00050540,blast,,,,,
0x95b49E38b2A3140f5242D57F6Ec34920601aE193,mrredl.eth,59188,40730,0.00050520,blast,2,,,,
0x9C7138e34Fd251BC2725F3FB6cFde0C56565f41b,NeoLeo,109670,69113,0.00050384,ronin,,,,,6
0x7834726E7a026B76Db1CfF85A2b6b66220A012D1,BadtrippMANA,14128,733304,0.00050313,ronin,,,,,
0x9E2ec4AD8C32c070632baf9735c8C5Ac173C5ED7,Barsik,91004,120259,0.00050312,blast,,,,,13
0xF6c22543191C75af6f6663bb279676b8862Ba7bf,Solyta_Mana,64758,206396,0.00050312,ronin,1,,,,
0x9fA30D2eEa6aDb0F07fdE13ADD848aC026327780,MEPOxRukato,54827,377146,0.00050192,blast,,,,,10
0x8EF4EDD88CbC1414dB95628E480Eb83B8E10Afd1,dashka8888_BALAGAN,98658,115801,0.00050114,blast,,,,,8
0x2640aD4F607dA25f82cf1eaf2bbf4aD59acDdab3,rell8,91140,237963,0.00050007,blast,,,,,
0x94D36132722D772fE053ea13c57BbDBdF435C085,90bandz,93727,15270,0.00049904,blast,1,,,,
0x80bd2BeaBAB8011ACF873bDf525f5E8cE6FaC270,frigus,122277,36275,0.00049797,blast,,,,,
0x76f296E865acAdd3A9AbcD17d26E0550a320D7e9,Xjmprz,107843,23221,0.00049772,blast,,,,,11
0x66b224070f0d851664a28Cd10e3F838c2E57eFfd,Anufrin,121458,40917,0.00049762,blast,,,,,
0x393Ac5C4Aa62243a44495141BF45976a818aE139,胖虎-CN,110449,110407,0.00049725,blast,,,,,
0x0338CE5020c447f7e668DC2ef778025CE398266B,HCOInn0,11022,139699,0.00049706,blast,,,,13,
0xC13564CB1f2a36E610F0a113eCc89df3bd81e8d0,Arak,120908,42211,0.00049627,blast,,,,,
0x8D668026f8Ff7fe5d8D72366a0c8eDb2Bf72E0D1,LAMBO,111781,18722,0.00049627,blast,,16,,,
0x4Ae4875C6f2820490BFE54F49d8F50E075947F03,byFob,89962,181226,0.00049567,blast,,,,,6
0x1768edf3f4aa49dD92AF949E720F69b219968117,Maximus_GoH,85093,158181,0.00049530,blast,,,13,,
0x02Bb29eEE483A8077DA3B72E6f556fcd86769Bb2,RevoltinhaMANA,123958,19462,0.00049424,ronin,,,,,
0x932F9a709Eb554Bde7C63112f272ae6C0c3C23e3,aylin,83570,209024,0.00049359,ronin,,,,,7
0x47382199c229048097Df5bBE1f1FA7EFfa07354a,SlenderSolo,108164,118468,0.00049329,ronin,,,,,
0xF6887Aa2c3301fB9BeF2DD62E5A8b85cDC5Ba5c0,mlhzh_BALAGAN,121542,31989,0.00049249,blast,,,,,
0xa9F3a05E8478B166b93798DB03D698104c2Ef090,OGTitan,102307,54620,0.00048956,blast,,,,,10
0x00Ee1a6d32C03D70504EA24B0118449BC569Ad5F,kuileeN,122282,22457,0.00048954,blast,,,,,
0x700d8797b9d544c936d2F8B673420339B72bDBea,Fallbin,31808,597438,0.00048890,ronin,,,,,
0x1A87f0C1fC9Fe163494a68A9723c1FC93D2D77a7,apeakk1,94334,141908,0.00048865,blast,,,,,6
0x4C2E9a7bfdE5522E068263Ba6e071f2202395d0e,levr23,118802,41786,0.00048782,blast,,,,,
0xcf8BBEd67a0c1117b78bb97730Ebb9756dF20640,schemedream,106518,119992,0.00048781,blast,,,,,
0xd4CBD03244aba518dC4dB20f614902B5C19f079C,efefefef,77435,99471,0.00048710,blast,1,,,,
0x6E3B0214125A0EC0f5e0dAbacC61b442A27fd9a2,nhicaycuoc90xGGG,109940,96285,0.00048664,ronin,,,,,
0xe32e266eFbF791cC3A93933E61FC39502A58Dd95,nerb,66478,372316,0.00048622,blast,,,,,
0xc8930Ed53226E10CcAD4e7Be35aD26b156F3a8D4,Cirar,108184,105841,0.00048565,blast,,,,,
0x3307E33057C8159B8D70dCc09A2895B7149E6b0a,Cryptoberry,28149,409925,0.00048506,blast,1,,,,
0x538AC6EE491FD00ADae4EeE226078E4463dA827c,TheEddy,18068,678345,0.00048488,blast,,,,,
0x46Abef13724e39c737590B5A4B48dcfab961ff2F,felicitas,118577,38179,0.00048474,blast,,,,,
0xb0F9a190cE88C846Ef0E7A2CD66EaF5975FCE8F1,miiilfhunteer_BALAGAN,21762,24587,0.00048438,blast,1,,50,,
0xc3b100Cd5Da45Fff4891c20365f5a0E456Bc49Cb,3adrot.eth,105423,119971,0.00048354,blast,,,,,
0x14938150213819C96f92592f3f1251bd3e0E1678,Madruga,28647,13831,0.00048347,blast,,,70,,
0x78754e512AaFd2b3b7CF1abE733A549713f67De9,blakess,79575,217813,0.00048342,ronin,,,,,7
0x20313A95513A281Dd012C68d791BBFdC59EC101D,strypers,103512,4750,0.00048120,ronin,,,,,13
0x64975fe497D4fC99C4c5e3aC18F45f66e6fCd494,ericasama,105393,1610,0.00048079,blast,,,,,12
0xbE7b0536160c99701a6FE9C0E89C215e2C413BAa,luqi,90900,207898,0.00048076,blast,,,,,
0x09a7eFfcd671a10C663752294Bb1B311A2a2077E,Rmk,39741,533372,0.00048061,blast,,,,,
0x3cC38B373543F0e93F3c374491a2C006CCa3a1e5,Stormfarm,105638,18489,0.00048044,ronin,,,,,10
0xF33258B9CB320ba5acCB939dF51e462235Cff792,sept1c,119081,26186,0.00047937,blast,,,,,
0xb08FeEa8D050D13EfAeB2264f9ba495deb598265,Smuk24,74782,241186,0.00047905,blast,,,,,7
0xa18e7C5Bd0570Fa1767A625bdE90813F4eA1EAEA,神秘的酷酷,119734,21203,0.00047886,blast,,,,,
0x2b585f80F6e2685320e187450B5abEEACD855753,dabea,55166,266125,0.00047838,ronin,,,14,1,
0x9A8734fD4534A24E23fC0396Df628d5545726B58,murni24,105940,107514,0.00047794,ronin,,,,,
0xa211AED472BBe5e96C29950979Be2Efc392d2473,BALODYA_POTUZNIi,120848,11504,0.00047727,blast,,,,,
0x4829C5BF62dCA7474c28204FCFB49573e497cB6F,referal_stasa,110236,78999,0.00047723,blast,,,,,
0x4f7A9eb07e9F0D543a5B4325Df9cFbaceE4da0Ab,Atribox,20757,43727,0.00047623,ronin,,,71,,
0x755149810D3748320a511d8B1ca63747e75eD116,ruben4ick,59577,71796,0.00047428,blast,,,,7,
0x05A99aA70a5670319eaA572C628c75903568f400,MANAvmiguel,61337,165284,0.00047371,blast,,43,,,
0x63345C020B7850125058fD307a21BaBF29df0Ab3,ToPlayUZ,48606,396151,0.00047279,ronin,,,8,,
0x03002266ca42398d8b80907f11bf8c0B100ED2D6,skylerxxx,91903,1730,0.00046904,blast,,,,,19
0x9497059392bbbD321e04546FC52A5c2aD4032984,MikezeraMANA,78128,107013,0.00046759,ronin,,11,,,11
0x6Ca952be0A3F2fF4Eec1b39912D6b1b1828Fa191,upericada2,64482,354379,0.00046749,blast,,,,,
0xfb9E7392cD9B7e6Fac88D9811922a371E04DADd5,GeoLover420,107197,81120,0.00046670,blast,,,,,
0x71D36f98d3EeB179A956daE94535F91e6007F700,BloodHound,77212,79363,0.00046513,blast,,,,,20
0x66A0C7f3ccaf7bD9eC7358F2B4414cCb508B3f33,云顶Mi,115211,26826,0.00046470,blast,,,,,
0x74677030b827C0a4e692b8c2D07344C03233AfA8,Pыbak,21130,30525,0.00046442,blast,,,70,,
0xDEBCD683681C579A64939dd01b5B1f19545f352D,jacky1,117179,4427,0.00045867,blast,,,,,
0xDb163D5E30A781FA569Eb6ceFd5290ca028c49e2,yerichox,88447,54318,0.00045838,ronin,,11,9,,
0xa7559b36Ded95B2c9F527e3ee6959396FF7D70b1,KhoaTran,111841,37895,0.00045835,ronin,,,,,
0x3A68D39FDb7335B31676C6f492779716B10095f2,Kepleomaks,104448,83819,0.00045765,blast,,,,,
0x4e5d92608bc266cD309B3B162b99EEaD3fBEd7C2,CGR-BABZILLA,80408,234215,0.00045602,blast,,,,,
0x267f50409F9551F08dEd3E206980526c38cD375e,NoxusXMepo,87847,24737,0.00045570,blast,,,,,17
0x81a9711D8B034750846136316d003d54aFdd6C90,Nor4ig,107282,62493,0.00045565,blast,,,,,
0x659B24AeD80b30Cd1b63248221F2165a9eFBb845,Onic,103061,86879,0.00045412,ronin,,,,,
0x15C6147cBdf1a69cD7BdC95aBA5FE4c4D6aC6087,Nero,95145,12794,0.00045356,blast,,,,,13
0x983B0010A94B85dC35d33f351dcE2E257A69B100,Xablau-KGeN,21538,22075,0.00045186,ronin,2,,,,18
0x3BceF88C136a9b34DEB6d6bcc2d28714F9088797,神秘的好伦哥,106711,56599,0.00044982,blast,,,,,
0x6b44F3c60A39D70Fd1A168Ae1a61363d259C50F0,HRVST,94598,18674,0.00044922,blast,,,,,12
0x78eD418AF8cbA2c79aC81FdFa02B7910dCd90CfC,MarcoPeng,93757,79346,0.00044817,ronin,,,,,6
0xC4b20DAfb30d5bB0dD63b187BF74c30E4fE02680,WBT-99,100187,94164,0.00044739,blast,,,,,
0xE03441200Be777da341194dE14c5A5448440DB15,parker7135,103582,72439,0.00044733,ronin,,,,,
0xdD68b39bB0CC16C81B12E145d9CC255b843305FA,Sharik,86879,177914,0.00044679,blast,,,,,
0x3f98EDd0686a42634D396fF38A6e038eAF0485b7,xu1200,81252,59137,0.00044525,ronin,,,,,16
0xA94F6af4651115D0C39E3eF8F840933da42834d1,sennonacon.eth,79074,223969,0.00044457,blast,,,,,
0xC1bbDCb7518ade570F2F229a7a2F3D1fe0881b4a,Soirin,76914,125407,0.00044344,blast,,,13,,
0xFd7d2c025B8FD7C57C76f082C6665B330dEE8654,RybuCop,111990,10256,0.00044204,blast,,,,,
0xc43E5d27aa76e1C32a0896Aa4cC6D985FFD73Af4,BALAGAN_ludik,34632,297115,0.00044134,blast,1,,,,
0x9E125Ed0d2978547c0896438b19a13D7f686ab6c,OHMYD4D4,89396,800,0.00044129,ronin,,,,,16
0xDC585Bd6c3eF73eb643769D0C598052fe9C4648E,BiSSyaKa,63978,312599,0.00043999,ronin,,,,,
0x13bFB331b30548C190d428F4E69489A31d63e412,camayka,65397,184491,0.00043843,blast,,,7,,6
0xB773F032C21B2E70d6993F55f6019f890EDDd375,danilkompanichenko,109216,21441,0.00043808,blast,,,,,
0xF3794E89b080436e5065F9469202904f29E590AC,hehdarova,27815,536420,0.00043607,blast,,,,,
0x0B396B343c28c654F99eFe4b754E48596A378398,WBT-3343,56755,351714,0.00043579,blast,,,,,
0x55C11c090C7Ac9F122e1222Be397214884438395,bertocko.eth,101856,63956,0.00043542,blast,,,,,
0x9D59Ea04a47B4eb847164c5538826b262BcdfB45,nostylist_BALAGAN,110104,10839,0.00043506,blast,,,,,
0x8610FE86a7bc44323955c9A21BE964004910480A,profit,72558,249567,0.00043486,blast,,,,,
0x847C61Ad02CFa4D0478Cdb834BAB0063dE4BE33A,Canzi,67529,280890,0.00043443,blast,,,,,
0x0575553BD6a6ffB2CbAA9A169d470acB62B77037,Up,106334,30894,0.00043264,blast,,,,,
0xE2875883f96485fFc6e21F6d654b489a5255579A,PaNDa,97557,145,0.00043198,ronin,,,,,9
0x91817d82F96a2328C1D046F78685be24a19ABa74,yurich.eth,107339,21651,0.00043091,blast,,,,,
0xc2A494EC8f20200454797961EF466b0D1D50838d,5daysdrinkin,90788,32816,0.00043006,blast,,,,2,
0x38D062a7A001F51d9583B8d58F095AB3f58A8CE0,yyyyyyyyyyyyy,83768,102912,0.00042937,blast,,13,,,
0xbC7A2dB0EAfb7c131F9ffC11701695b77f532835,FaTa,72255,241064,0.00042848,blast,,,,,
0x01D7342183b8924eEf45fA4A4d54064Fe6576938,MANA_DEGEN,94426,99722,0.00042837,blast,,,,,
0xee3A7c5B38Dd0Fc6b3bd7e53460A61b00a42463f,Raido88,94383,99913,0.00042832,blast,,,,,
0x5168403e3C9f1b445fbd8116F4a81958e188887d,qTerr,98258,15192,0.00042648,blast,,,,,6
0xEcD72028E81CfbD4609aF7Ec814D69BEcC7906b5,90xGGG-Zach,38834,449615,0.00042589,ronin,,,,,
0x7A31e410Ce1f6C49d5808cfeA56885f4eb4a4de4,rugdev,103190,38612,0.00042513,blast,,,,,
0x9F4615075f5a2f340A7e8f12a0275ADf1763e017,MynG,89203,12711,0.00042458,blast,,,,,12
0xF2E881e69CA5b74DAD012a0685F3D5d6d5F07c84,Ra,105423,22733,0.00042411,blast,,,,,
0x99192e2B2EcB54E6D67d506d0997bd13b8314d77,Narcotich,92397,104912,0.00042365,blast,,,,,
0x8518e563BC53772B726360BCFAC3bbD605c1ad0C,神秘的coolhand,98457,66252,0.00042360,blast,,,,,
0x5F92c2B30492f5684E1E85E82F839D0d1792967d,justice888.eth,32871,407373,0.00042334,blast,,,,,8
0xF89a0686125955C676d5642f62AFBd902BB5bB00,Vamfim,66575,267583,0.00042259,blast,,,,,
0x64270e4bFe3545c3550cADef751AA9ba9C2B22fF,90xGGG-louis88,59563,311374,0.00042207,ronin,,,,,
0xc0c3f5dBD3EBb8b5fEDF4327567385Ce3ed23144,BlairMANA,82431,107247,0.00042115,ronin,,,,,6
0xa2b179E8C811805fB383f5BBa96907D5e82d44cD,AMORIM-KGeN,20920,146547,0.00042097,blast,2,,,,
0x6904b59A2B0057257B21c6425007a0eba836CA9b,TGG-Ashakki,20071,101997,0.00042094,ronin,,90,,,
0xe3B82448FD4155cd03f2B24A6688Fe4798637260,stevecrahan,94109,89430,0.00042085,ronin,,,,,
0xD31e9eF53A2FDDf5614c3B0083f5B8fb3c303f53,Palydove,49987,165712,0.00042078,blast,1,,,,
0x15d58e2A03B388Bc7f7d73Da361Ad9342D15Fe16,pustoi,93093,49587,0.00042060,ronin,,9,,,
0xFB88e0e0793298BA642411063CBe005f7C701f41,aroundmatrixx,97811,64159,0.00041981,blast,,,,,
0x3Fdfb8aE5AE2e2b0192DE41C460f378800A383B8,Fripuus,98504,58765,0.00041921,blast,,,,,
0x76fb696413C657a9FEDc14F2d664b700440ABb18,difors.eth,91983,23786,0.00041893,blast,,,,,8
0x44ffeA6ADdF86Dd60D3F934A3d23Cb9a581692Dd,Desolation,91384,45249,0.00041810,ronin,,,,,6
0x78ABa2262697f992bC9456E54130af25ed81D886,ludоdemon,45935,390594,0.00041745,blast,,,,,
0x58aB37e32873184040bA3a04D093E47F3012DBD6,Sourbeck,17897,568360,0.00041699,ronin,,,,,
0xc74FaB3fbf3B96d2AAFE09684974c3Da8966dAfe,Shonin,17454,68868,0.00041642,ronin,,,59,,
0x39a5c3a2b835Aab0Db47344903DB797244Ad5B11,osamason,71819,43975,0.00041636,ronin,,,10,,10
0x807681f2FdC4F7e4bc251533A2E90477106BDFF8,sixsechszes-666.eth,35424,396240,0.00041636,blast,,,7,,
0x51FDb5e6a784f1Cf1a446a696f52B666bf928aC9,Sawyer,75859,197465,0.00041586,blast,,,,,
0x96262aF069A43dC2236886Ffc8e88831D60e243F,Zlipexp,25182,108353,0.00041421,ronin,2,,,,
0xfcD79AE47c2aB06adfbA77BfEc3D2d153B8bCD74,Jagersn,71960,161782,0.00041374,blast,,,,,6
0xee22E404E1B3a502ed5C7c91112333264c9C8CB4,mcnk,101503,30187,0.00041341,ronin,,,,,
0x5A7F3EF7fe6B3282A7E97E0d559463104dF07447,matthlMANA,104350,9729,0.00041199,ronin,,,,,
0xe8679c9DCD079459D1a23C455603f17C0ec007e4,HCO_Bongo,97572,52744,0.00041190,blast,,,,,
0x335356e013AFD1Ab1090872Ff10265b38b01e14D,awak,76438,34958,0.00041174,ronin,,,,,16
0xc9fF31079084bAcD70Fd41b437583AF1329640A9,Kratico,82400,71902,0.00041105,ronin,,,,,8
0x8D8135a4461D15bE4a03132df1C3Cd151Ce2540f,Keomatcha,58217,234113,0.00041027,ronin,,,,,7
0x14B0a479Fb803A2863Dd61122D6BbF823a00e904,MEPOxSCZACKTZY,35220,446870,0.00041015,blast,,,,,
0x71c09391166f322e2aA1885dAe781bf42b5240F4,lox,43893,388517,0.00040824,blast,,,,,
0x1A488607b12843cD7F576E3104EFd476Cb35BD7c,sepsetto.eth,85033,124659,0.00040706,blast,,,,,
0xdb41Ba23fe14eB740bD9f2ba1A8b4c5d9b83583e,willytucker.eth,99231,34097,0.00040696,blast,,,,,
0x2521De348C25aA7124892220D84A85822dA68122,NLDxHiTho,87900,44609,0.00040670,ronin,,12,,,
0x8DE64672224d8627f69C0B0c15704ba5f7c1AD64,Ricardo,86897,111914,0.00040653,blast,,,,,
0xD3Eb4883341c9A5cE9272c27F522b9C0F1973D3c,Xalas,103445,6063,0.00040623,ronin,,,,,
0x027f7Cfd36ebD1561D63c903f41498087A81907a,OnePii,89575,93676,0.00040580,ronin,,,,,
0xA74d52aDfA76D4125B508d084d85898e55BF84C8,Josh,52239,331247,0.00040571,blast,,,,,
0xDe85434EC81Dcc9e1A1EAe26B64ab3D93bB50f1c,Dimaster,87869,8435,0.00040516,blast,,,,,10
0x05403110aDA1bd0fA102F6D056e081dfd1ABf199,Krongard,91876,77795,0.00040505,blast,,,,,
0xbA5892428C70E69afe15848D3C1CfC5535F443A9,Overclock,54114,159226,0.00040450,ronin,,31,,,
0x98c349513A191D6fA57204D7B7348EF68EE67603,Thanh111022,96224,47204,0.00040327,ronin,,,,,
0x87Ef169fE3769b281f4752BCB23cF68D2b963990,Zoohan,103275,405,0.00040211,blast,,,,,
0x5f7C8e7F978ddc213608dc2E8b361Fd56c9E32A4,GoatMANA,86676,47966,0.00040144,ronin,,,,,6
0xE640A626AF13afcEf8CE3D37c93B8BD213E0b05d,Toshy,65341,239097,0.00040038,ronin,,,,,
0xBE0B910e309EE84B44f2b8B03a7c704e7949775C,Helixcrypto,83039,126065,0.00040016,blast,,,,,
0xA331ba7B00083915c483e426e8Ba6d97b2A8a481,okelaOMG,37956,34955,0.00039864,ronin,,52,13,,
0xd2C33fe6B673511858011098a7cF534A365Ff522,NLDxJkaii,90276,19838,0.00039769,ronin,,11,,,
0x220806E57c7b8f4ac6Ef1111B34159f38677D64c,MrBlue,55068,299643,0.00039741,ronin,,,,,
0xee69104EC8739C451718E380964173dfD39eFe49,PK_Soufire,31514,449428,0.00039729,ronin,,,,,
0x3B4698A0906b0a83fAC2F83e74F2a0D5c6634F13,Illuminati,37750,408403,0.00039649,blast,,,,,
0x29F8FA07c7E8BA8a0Cd5fE8cD05f79e0449b6e95,renanzeraa,94054,49480,0.00039622,ronin,,,,,
0x718a58920090cBEbEA2Cf6cdD1e99D8Fb94DE836,lenagol0vach,61055,259407,0.00039611,ronin,,,,,
0xCaaFfe68BA0Dc89f5027D610e8b5d04039c60799,verywow.eth,93351,53553,0.00039597,blast,,,,,
0x602E8275CD29a96b1644D35F3d241D1e9D0b4B7D,INIeo_TGG,80577,77549,0.00039579,blast,,,,,6
0xdFAB2828541CD9c8473A412A9aa76E4e48c58700,Snoop_MANA,91994,60489,0.00039493,ronin,,,,,
0x7b709038240cC62140003a28CDF084621981D03d,LonJonJr,42401,375786,0.00039465,ronin,,,,,
0x7aC8f36D33aa93bcB41Afd3fCd5b22DC75971487,Yudi,59984,135846,0.00039435,blast,,25,,,
0x45d22BC9cB44deb66cF1428c20b5Df4165748544,mathestarZ,17015,127403,0.00039407,blast,2,,,,
0x098093009b26f9089e3FB738392e8302532b4168,zacyzoe,8443,590476,0.00039372,ronin,,,,,
0x7725e53778a30e648Fac4cd6d5A6030461A5C2c5,Blitzer,63846,237608,0.00039365,ronin,,,,,
0x6E00df3a4Cd057c3F05b5e053bc4704AE984B650,TommyWaiso,42859,370698,0.00039332,ronin,,,,,
0x572FE8bbEeEA30Ecc1f883619e88b57BC0C25A7F,WBT-sickmyduck666,75010,165392,0.00039296,blast,,,,,
0x04EA42554d73085Ec8ECe7BA25A68BaCa5D66fcc,pasydinaa,83474,111257,0.00039281,blast,,,,,
0xe3F7a259f78133445a98315DbEbb0FfE775C01e8,artss,63225,173474,0.00039270,blast,,,,,7
0x3750d051b0c44F2f32C0144759f6A4C4b51E0c39,key,75350,24593,0.00038983,blast,,15,,,6
0xa6e38Bf4dCa4EF1d9bF6Ccd63587E0f20744a230,Liiloh,56447,115156,0.00038976,ronin,,32,,,
0xD82bBf011c48646E1D00A56ceeCa151269a25246,Bigball,83196,22166,0.00038956,ronin,,,,,9
0x2d76220bdD99902A2E085252010bA3E092Ae7124,solya0x,95170,29679,0.00038846,blast,,,,,
0x5db33659da1293DEB6291594432a759B14FA5Ddd,Dudsband,79914,11969,0.00038798,ronin,,,,,12
0x866a050c737fD633496948Ec15300dce9fab10e4,GTA6,93777,36038,0.00038693,blast,,,,,
0x5D7A8a1855687e79632075c2b0D51Cf801054Ca2,90xGGGTarks,60645,175286,0.00038674,ronin,,14,,,
0x348b6881bfE665AC2BAf4Ddb1241C4df2514457e,laianhminh,36312,401041,0.00038639,ronin,,,,,
0xC521EB6e4E803BE6FD3523A85Ed8BD2820eB447A,MadBushidoBYAC,32126,14489,0.00038632,ronin,,81,,,
0x16c59c75eA2E71032C4547d1341fF3d3A52FaF38,NoturnoMana,88777,66307,0.00038597,ronin,,,,,
0xdb59bB969144675860168DC619c3448D35e2Dd53,OMG_Makon,27601,169585,0.00038557,ronin,,46,6,,
0xd515d70CFB2d3c44e4DD6Dd683C4A3437fd46F75,Pepe,55855,121958,0.00038482,ronin,,,,,16
0xD277C8F34056bCc12b9058A3B65479B5db61B7d0,RaiDan,96917,12358,0.00038467,ronin,,,,,
0x47eDA211B43f20Da8c5eCc32D0459425dD59d438,Diasanger,87385,71623,0.00038380,blast,,,,,
0xc053E84324C789B79F44F0E0c60C9A91F257d828,VitalyGeng1,61248,151167,0.00038299,ronin,,,,,9
0x390484492F3ff3847Ad3f6631284eC5f1B2Bf3Bc,conlans,68837,187778,0.00038262,ronin,,,,,
0x333e15f80C328222085917FcE59B2f98F7Fe5c6a,mokudzin.eth,74835,28096,0.00038081,blast,,,5,,8
0xAF632e2612B3C12FDBe7d988B668575712A11Cb0,DeaG,60404,238488,0.00038079,blast,,,,,
0x87fa7393ADC451b8c5114717E8ABFbC0afb976d7,QUAN,94508,20847,0.00038049,blast,,,,,
0xc6Bf6850F6278C020c0053c797f59F696eAA68c7,fisherx,47073,322792,0.00038044,blast,,,,,
0x46178A6a7fD882cE350431eF88fd935Cb70b1972,90xGGG-fuckdatbitch,85218,76232,0.00037819,blast,,,,,
0xc49a3d70b330209b81B672748A4472F59Cb7f94F,Kazuto,65042,99699,0.00037792,blast,,,,,11
0xb730EeCd2adb9c31B2095B8De68090683c7D5d9F,SRK,39947,363970,0.00037788,blast,,,,,
0xA0157F7f05E04370d1499026dB94070DE382d88B,nilmendes,48667,143860,0.00037760,ronin,,21,,,6
0x174fe9C3DEB341329484fa5cEAf4F2b4Dff620d5,guesswho91.eth,76214,131815,0.00037712,blast,,,,,
0x8f4cdd122dfC5291eC07A65F7253a290d0C1df65,MizukiCh4n-PvP,67108,188959,0.00037661,ronin,,,,,
0x8197B44f1c18053d315CfC7D412860115C4f1F4B,holysiek,41818,213092,0.00037605,blast,,,16,,
0xc8D375386EC576a02eca0fe5d47800b768895B7B,zeta,94120,13863,0.00037471,blast,,,,,
0xe90CF24458214B86F5877AAdE35dE9e877AAE95f,glar.eth,74931,134209,0.00037359,blast,,,,,
0xAa9d39f9a6C3cde9d2785069ADfDf29302186772,Hero0fHeaven,80501,97852,0.00037305,blast,,,,,
0xE8a04468dDAD59f411a07d282A8fB40CC41B24fb,SAIJAX,30273,417136,0.00037273,blast,,,,,
0xb591F2D355Cc602184B2F929BDd2a7F2F3e74b99,NLDxFongPho,68151,175846,0.00037266,ronin,,,,,
0x804bc53b028ffDb6c1aF4EeE3bC5aCF0c8e509F7,90xGGG-jlove,55777,176958,0.00037166,blast,,,,,8
0x74c82d0446E3aD772C6d5c4FdCD82501A7924bCe,Rasudas,71589,150454,0.00037052,blast,,,,,
0xCB10A0D0Db43Ad8fb435334B540E5387170dbAD0,zolo,67604,174877,0.00036994,blast,,,,,
0x1281A54773bd36C02aacB21df858687016DBc19d,mercureotto,94378,4301,0.00036987,blast,,,,,
0x90d97772F4469Df443273d2946aAebd5158f75af,nuclearnova.eth,38820,356616,0.00036900,blast,,,,,
0xeC434bD42B4701903f94674d02880F8630b8E669,CUCARACHA,81850,25125,0.00036870,ronin,,,,,6
0xfF2a1AC41946e0caD3939080C0170B6D15653D2c,90xGGGLeynhard,62661,203158,0.00036798,ronin,,,,,
0xb2c72E5e5F31d7B19387690b135d22A5A55c7c2a,AndrewTate_BALAGAN,66036,66485,0.00036730,blast,,,,,12
0xdE64dcc41502136DEb015dc2f1Cd1e8c2a1Eed84,Glitchpro,82347,76426,0.00036713,ronin,,,,,
0xb38b2eC92939F47521326f86a93fB4053235DBD8,CGR-foodiee,61958,202808,0.00036504,blast,,,,,
0x95B2cC2089799Be12A743be58cb5C4fD1c2a56C8,nuk1,68874,156949,0.00036392,ronin,,,,,
0x1698F0c26Fcf8475A0B01300dceF037ffc455E2f,sleepyheadbi,57812,45677,0.00036196,blast,,35,,,
0x7f34834B5e30925dAc4862b0c184d36D2F22c1a0,TGGSnowzeraNFT,29515,398684,0.00035850,ronin,,,,,
0xCd90673fAA58AfA5c0eD28886F3Cdb11753610F9,episkop.eth,70182,138571,0.00035778,blast,,,,,
0x1E2c65FcEA48638f85078424d180e9f64f8c8CC4,BoraBill,82198,62064,0.00035778,ronin,,,,,
0xB73aAA97c80E838D879A8CfA09a9071b32b01684,qqqr,65513,167305,0.00035717,blast,,,,,
0x7E7dBFc0d92efB8DbfD2b0a53c97DEFe512cb697,LCGxPoneleQueSi,63027,39701,0.00035678,ronin,,28,,,
0xBE2573Ea353E5406CfbD2f31e88a9087bF1C701B,Kataro,53879,164069,0.00035639,blast,,,,,8
0x6c6163FeeBC98F036bdD0aaC458661ECb71C8638,pedrohzx7MANA,87468,25365,0.00035585,ronin,,,,,
0x2516da3A29496b5f93c6f113A55A6440371CD639,Salles,78608,24522,0.00035572,blast,,,,,6
0x645199d7b96f2713F9D637f709673819cC298243,valked,90461,6000,0.00035567,blast,,,,,
0xB50C5320b52940c2527a244eaE611Ba0E1020e52,JOPLIX,63914,174961,0.00035563,blast,,,,,
0xF89EcaA2A69E540A56Cd9A113aec5ec00FCDC490,Kissugi,61471,189366,0.00035493,ronin,,,,,
0xB1524cf8E849F4Afc67B8808388Ad6e5CBB0be51,SamucaHxLMANA,45046,23649,0.00035492,ronin,,53,,,
0x03e4aE853fa5BC1A75BE2128638A4d737d97D34a,wickedfella,60475,193495,0.00035357,blast,,,,,
0x37953A79b8512111b89Aa87d91CF1a968Ff21981,Goingdown,75756,37133,0.00035233,blast,,,,,6
0x844C3794EeD76dC6ccD6088799E691544b046a47,Rafaliro,53194,125215,0.00035208,ronin,,22,,,
0x7556b55e0a395fF712e123D58B9d1Dc409520Eb3,Asterix,61272,127307,0.00035108,ronin,,,,,6
0xAC4066dc25231f153d3A9117BB7D25d62F3487Cc,Glebka,58382,202396,0.00035087,blast,,,,,
0xB844404990C158610749f8c9055629Cf6F129188,Sheriffs,21893,157364,0.00035023,ronin,,43,,,6
0x15ACB2F014E9B665af5EeB1ca023A982f0e2a254,DONTFLEX,82272,49070,0.00035012,blast,,,,,
0x42ef98206Ff4305156b979452756D8DA2b9c4d2F,HCO_SP,89978,0,0.00035012,blast,,,,,
0xe6b67A279cC7F57cC486E82a1c89422FA20e2098,Kekccc11rus,43718,236848,0.00034972,ronin,,,,,6
0x96A91C9b8386Fb624106c92282e8055e4b24816B,wenpussy.eth,60600,139779,0.00034960,blast,,,,1,
0xC97618a86bCF5768938f0415f62d7D1751D134f9,JustPlay,53040,188299,0.00034952,ronin,,9,,,
0x0709615878c6f35b45a1B958aa50D3b4520d87F5,LionelMEWING,79721,63431,0.00034897,ronin,,,,,
0x5d3efCBAF52BdEDb4458c8718e5E05791C38d7cC,kiuem,40515,6507,0.00034863,ronin,,60,,,
0xF0576F72b897f3eA98f95eeD7CDe0b6b2421236E,VladShat,71156,116722,0.00034822,blast,,,,,
0xfCec91E02dFa67b526fC8aACE26F96f2c9771a75,拼夕夕1,26058,10010,0.00034783,blast,1,37,,,
0x7945f5D3c2153dc30D90531F999A5EE0A1Cc47CF,23_Free_Man_23,50137,162009,0.00034638,blast,,,,,9
0x7ff9b266F8777CF6B779164eBa5165b07fA18447,nistu,81613,46699,0.00034611,blast,,,,,
0xbE184aF34EFC47Be4720172200AD6588cE8A0caf,Chamdayxahoi,51553,44947,0.00034339,ronin,,37,,,
0x52Aab49D5da23d83f8eEEc9501B6B2923d8cf7F6,Kingt4,41106,299359,0.00034290,ronin,,,,,
0xd5a61f4E28e57746c755b1E5285b802506733EF3,Folowor,49631,245018,0.00034287,ronin,,,,,
0x5e8eAb5F088280A0BdA0c2024f47280Fd9E8690C,MEPOxKR1T,37512,226841,0.00034269,blast,,,,,10
0x26C192aEd1b76BC714476005A701a28E71CE7819,lokar,71500,25528,0.00034029,blast,,,,,8
0x794a4eCB6c0F7ba28058a1aAad1154BaaDCd518C,hotspion.eth,33647,340440,0.00033899,blast,,,,,
0x45faD3d36fA506e7F955711D6D0Dc94a5be8F4B6,dsg666.eth,45680,263795,0.00033897,blast,,,,,
0xE17E8BDEf5eD7181c36f54B80989C893703bE2cd,90xGGG-N00b,68997,115281,0.00033893,blast,,,,,
0x578A85fc8359A03Bd5c3B05Ae3101e6A862e0B7a,Riser,74553,78190,0.00033788,blast,,,,,
0x4b5804637d54EE556A6Ae959a8a4F75eAcbBb687,Purson,58881,69805,0.00033780,blast,,10,,,6
0xB9B0418d876aE61A4143125034e303aB097dFA44,ygms1.eth,85956,5132,0.00033761,blast,,,,,
0x2b4a257e62070C91A4fB4B09A79758243cd677E8,Cepkamil,58353,180332,0.00033727,ronin,,,,,
0x5291cf7956A9f0b17b2A3362439A7d7Ce0391963,kenct,18315,196051,0.00033650,ronin,,,28,,
0xD91c9792166d6885EB16305D10566ceB4b94Ce61,Nyathan,36053,318503,0.00033494,blast,,,,,
0x08E9A3FfC44F86e5bf67Ae013c96614Eb8BB491a,Nick,16782,440621,0.00033459,blast,,,,,
0xaB8816a1A159eF460770b69338186829895aF660,Samoedski,76278,61687,0.00033451,ronin,,,,,
0x04174a79F7b2bf7d253eAFA5d96F32B2707be26d,CryptoKit,54932,196139,0.00033362,ronin,,,,,
0x37912f5A4A13Da1e83CD198BbFB389aCc71e5d2c,rezzi,61271,155507,0.00033345,blast,,,,,
0x3bc6498b87Ace04DB1C95CdcCf90b0Df96684D04,kocer,44214,261418,0.00033181,ronin,,,,,
0xd7cD897459A3dbC8308c5CF0Ca6e75B8cc69E409,susoon,74588,68027,0.00033181,ronin,,,,,
0x3CdB440f53C74319629d3D4a699490f802737cba,GoDa,35358,271391,0.00033150,ronin,,9,,,
0x033d8ec7EA0AF942F519fF9bAa26210D1A036DDD,peerduha.eth,31677,289425,0.00033131,blast,,10,,,
0x2a5583171cF486c12d15756009BBe825E0Df7F7E,HITAM,68698,104301,0.00033106,ronin,,,,,
0xE99df2E1D3B00be31f444894831032eA0657925d,Bluefoxx,52630,206562,0.00033103,blast,,,,,
0x0e893D2bf076381e602FDf80D47813c9902F2504,mad_cherry,76841,51783,0.00033065,blast,,,,,
0x320c4b85C300c370A664CBDB5383F1ba98804Bc2,AyrtonTGG,61281,150837,0.00033064,blast,,,,,
0x4a885cAa7678Ed8B64214dfc8932E338612C6592,sidus,63364,54234,0.00032957,blast,,16,,,
0x228E7E122dF3Ce81de1bE62b7c551f93865F2d09,CGR-saikai,33749,324103,0.00032940,blast,,,,,
0xB99373D83f966406F8cB5faC4F92a843d8A56C99,90xGGGxsamdexdz,64245,32755,0.00032922,ronin,,19,,,
0xc7dc2056b01AbE1FF761cc79C492F9DF11066E80,dxsptdth,58217,167671,0.00032900,blast,,,,,
0x553BbAbdEE224bB4c2b0dED08CB75729B7BF1E3E,MANAxASTHAA,61724,145312,0.00032899,ronin,,,,,
0x3D37Bb26E443B92F460470BDC296690B95c2B3bD,90xGGGHunt3r,49300,171141,0.00032759,ronin,,,6,,
0xF57Fe7811d808219c7a97C636177A0D6d080eDc0,HFA,34954,311924,0.00032664,blast,,,,,
0x7A6f682b74E882D46562876c120d49C4A76cD59A,danekl.eth,65746,114724,0.00032594,blast,,,,,
0xCc414a0ccb68dAeCC65d08c7827D3a5BEa4D9dec,Vladyan_BALAGAN,77430,39786,0.00032561,blast,,,,,
0xfE3fee28797a3c768B2948ed7b49be7C9F9a7a4e,0xMuuh,81565,11644,0.00032450,ronin,,,,,
0xE41478b4901f4571b5d447470e2edb1602807196,MEPOWARRIORS_SKIES,58956,155148,0.00032423,blast,,,,,
0x534E494E6225d2D4A6C32E9Fa6F6106F1f8d03c6,Angells,68935,23772,0.00032343,blast,,,,,7
0x64Ba1B34eF50Efa53BD545F6B455C085ED77F519,CzarDos,58327,155525,0.00032201,ronin,,,,,
0x059727B971dacef275Db6EcA4BB813B767876d47,90xGGGSaChBoyy,51275,85327,0.00032137,blast,,,,,12
0x66Cf26c634599E22dbcdcfaFbECc16f07DacA444,90xGGGGiannisKwts,52199,193487,0.00032137,ronin,,,,,
0x5cb4a3e7E6fD1A5Fb6De267BE2cdCbBE58e0C8fA,FastExit,51482,197232,0.00032086,ronin,,,,,
0x6Ad5AdC58ceF39514902893F8231435Cf578111b,Flayk,45796,176188,0.00032016,ronin,,11,,,
0xa92108D36965bAD1e6BCaBFD41f578864F71A457,yunno,44586,116725,0.00031977,ronin,,11,,,7
0x4E4B063206FFE9ef2904b9c596b36B4a8423d53D,noleti,47410,219408,0.00031857,ronin,,,,,
0x66518476a70E8931324c4B826EdCD8D0974B82eF,Ace,74230,47604,0.00031793,blast,,,,,
0x243A12C9232484fd08BfE7439144bDD79DBdabbb,5wTomko-KGeN,36618,82035,0.00031762,ronin,1,,,,
0x4a4A2EB6Daae9FeEf13436E00F77798036FFb845,HCO_GJ,29918,119894,0.00031748,blast,,,,,22
0xe01A8803fF94694337061f5d92DDa2Cea2e5813A,LipeBrasil,62550,119775,0.00031659,ronin,,,,,
0x5Ed851eA0D002F33D4521ac418783b7502B5f9AA,Rafael15md,59043,141233,0.00031606,ronin,,,,,
0x753a66Aa07F83AA84A2951f34Eff9dbFd2Ca32A4,dunnguyen2692,71810,58951,0.00031545,blast,,,,,
0xDCCB7C49A27353FFfB597F88F6662A92B333Dab9,Kamil17,74935,38789,0.00031529,blast,,,,,
0xA2b6A8458724C42E9e2dEFb8A81e1E28b473EADb,UncleMulyadi,64669,103458,0.00031487,ronin,,,,,
0x361D6a0A6ce25c833081DAa7C31c416D4295eC5A,LilMillionaire,57361,73615,0.00031466,blast,,,,,8
0x90196f3b0DF5F6572c861cB7acc79baF8046a8Ab,SomeoneStoleMyName,51194,188151,0.00031419,blast,,,,,
0xF1A4FF5073A5147f0b91D9CA1196A68e3E72C41C,Muttyz,49227,200423,0.00031404,ronin,,,,,
0x78Fc0DCD9601DE6EaBBbdd24b28b4749C0Ee6100,CN-Salo,64927,97893,0.00031247,blast,,,,,
0x4Ff3B9774DFa4C5AB4131ce32FD0c293951FF987,xinnian1,14804,89935,0.00031204,ronin,,64,,,
0x3B27B03976A1787631f7D6A5E60a844c797A4C33,maiconrech,41049,248812,0.00031179,ronin,,,,,
0xC5838b90714840070E0aF388bBED2cAaec2dbA4B,eskilo,23904,167956,0.00031098,ronin,,37,,,
0x1Ee75C935DA283b49a406E2Bb90412E995851498,TR4_Zarun,72257,47818,0.00031039,ronin,,,,,
0x647B00AEF4B8D09216F5a06bC6451c3AdBe258Eb,Arman4ik,13657,7280,0.00031005,blast,,81,,,
0x35113033AeEfD2Ca0A2C4d68c8ab972d60Fbc910,90xGGG-Pandesal,25057,346119,0.00030903,ronin,,,,,
0xB3Db5b47948058A20614cE752985b4b558aa845E,antagorda,63884,32119,0.00030888,blast,,,,,7
0x0FdA5E1cdf7dEe10d6Ba8d2E36700f3F4efE3494,HieuDaiVuongOMG,20572,72490,0.00030796,ronin,,44,,,8
0x85C73e9F93f880a7b78790c6a54eD1E8C3FC0012,Mushra,32456,106203,0.00030738,ronin,,,,,20
0x7cD4d94e67fbF783670b65C90a0cE331bb9836De,Crypto_volt,43866,223117,0.00030705,blast,,,,,
0xC4bABB64E2Ef3006Bd206C43218954b6793f6f30,Yukuss,33345,289458,0.00030665,blast,,,,,
0xf2071e6C2c6F3219F6E80c7CCe32084cd2C65bF6,BaekSuminMANA,40785,109155,0.00030645,blast,,26,,,
0x6eC2193d278BB0a4a7edb2bED0cF6452a2E97739,rozumenkoo,72572,39322,0.00030642,blast,,,,,
0xD93E41D4748dAb8E60F008c63A894fBd75a62480,Jhoow_Santos-KGeN,26581,173904,0.00030633,blast,,31,,,
0xD9Dd0627A3e93c90131651082da115573a93Ab01,ImFromKerch,23259,215162,0.00030510,blast,,,16,,
0x3F5eC1573f1032876309AafC4b8100E588E01481,jessjinx,26893,327937,0.00030506,ronin,,,,,
0x38906Ce986AAa848f97bb1f56FfaaBCF5667a087,MestreDasCarnes,58491,80500,0.00030485,ronin,,9,,,
0xeEaCdfe5C995AB373cAaA7227f11FB7257A96C45,Kraks,23013,152462,0.00030426,ronin,,14,15,,
0x082D777CA58135949e9a47EB2294863a5792b8AC,whataJKGAAME,60697,5912,0.00030369,blast,,,,,11
0x53bE71D0409F7dEdCcfA08A9b075a91138fBBf72,sewerperson.eth,69791,51887,0.00030328,blast,,,,,
0xdE0F6aF47231fA680aA53497140d7c594c6FDc6d,SmakiS,9507,42631,0.00030303,ronin,,77,,,
0x91469Ed99fdC878Ee9993b8781258755BA1fb47e,Shinnn,15339,397892,0.00030286,ronin,,,,,
0x840cC58E07b637b0e6E6A4CB17029837F91fE2aC,ZeusTT,41334,231885,0.00030255,ronin,,,,,
0xD54c5EB8936Ce8b091BC9ADDF55e662c0593BE46,Marretebr,47276,194027,0.00030254,ronin,,,,,
0xD6178C6e8Ef02aa3773AB92a7b05e9607dddbFE4,dzaboii,69075,55043,0.00030242,blast,,,,,
0xa90DF488C81F138609fC242E7F993e5349596871,yoorkk,61462,6335,0.00030112,blast,,,,,10
0xB33B75f772eFD69cF277fbb33F0A28AA6778A88B,thugzinMANA,64931,79191,0.00030106,ronin,,,,,
0x4d6848B54B7797c89fDA53dE5BFc7223Ab3e5f06,Trikz27,69910,47051,0.00030079,ronin,,,,,
0x845f53f3449046FC4687C0019a6FB27ea89a0709,InfnityNando,29060,30813,0.00030037,ronin,,,,,29
0x43Edc7F883ef20594d6a9B7403F9758074d5DA0C,Empty,31211,36718,0.00029969,ronin,,,30,,
0x07E367e88a1Cdfb745a5770275911EDDf6f9a69D,RVC,68084,56836,0.00029966,blast,,,,,
0x8E0a10F984E1e087aa7d32e29ca32CC8D3fb36c6,shadowrose2,54043,99530,0.00029917,ronin,,9,,,
0x6b788fb645c1647fd7FA2B0Eb65A067a4c9bc420,Everjhin,15523,169404,0.00029913,ronin,,17,8,,7
0x52603f4d9897181c2fbC8B87f6007D2D88159d8a,Fazan,73721,18984,0.00029846,ronin,,,,,
0xAB1DBae7a694C5005e4568328b01275d3641968B,ImotekMANA,72118,28489,0.00029803,ronin,,,,,
0x649d12CDca7bb67cf6c314fecA81a0eacaB3c633,90xGGGSmile,37377,192555,0.00029797,blast,,,,,6
0x0fECCF86eb315B17A0d14fbbC8135326CBA738A4,Juneezxc,56814,28827,0.00029678,ronin,,,,,10
0x28A7b72963c54600ee55342E853a47F242A416AF,BLACKDEAD,57584,118306,0.00029637,blast,,,,,
0x2C47dfCa2e3e31fE8D5Fb27FBc4fa69d3663AE55,ImperialCrypto,55183,39266,0.00029546,ronin,,,,2,
0xbAa289a54423266c7fAFd70b1d006948088218FD,Sapeka-KGEN,37375,112055,0.00029524,ronin,,,,,14
0x0f0eB7af9917800c3dbBB4E930f2217Fa669ea9F,CGR-viv,37176,245988,0.00029499,blast,,,,,
0xBe99fc423190F169c1Cc34aC6fA64Ac2f71Ed64C,PepInfinity,38596,84384,0.00029470,ronin,,,,,16
0xC320391A4bB82898273B9EAe22Bfd3e499B28f9A,Glavar_BALAGAN,63572,17813,0.00029461,blast,,,7,,
0x3a9FCc0C6A704be6FeCd614B9132A634e30E9D26,Azura999,41053,219252,0.00029374,ronin,,,,,
0x328b722f9d4C5F567B6A1D13b5B98952727D8524,sedpump.eth,72597,16730,0.00029271,blast,,,,,
0xaf643c276a4DFF003710acEA13e4E0e7De99BEf1,ZeGotaCrypto,52559,143572,0.00029226,ronin,,,,,
0x168feF2fD1AF371625B2593468620185Cea904FF,starcraft2.eth,64730,65642,0.00029199,blast,,,,,
0xBa0741061382564b768d4Bf0EB566dAE6209b848,Tieta,36021,248257,0.00029189,ronin,,,,,
0xBEEB8eF5Da8aE720CeC8FF12343beBc66a4C4D73,NagiKRN,54364,131463,0.00029188,blast,,,,,
0x6e6a04Ee325470bd4C6Af8114C74b5cFaFE1ef05,rigami.eth,49995,158444,0.00029137,blast,,,,,
0x3D3F87c3593a6Aa2d16812d65c5003aFfBCd86d2,Egoriik,73552,7749,0.00029094,blast,,,,,
0x485a8Cd9aC75f5a152435c9ED10B566C9111Ad97,Kopalka,24803,317111,0.00029032,blast,,,,,
0x07E1ca02Ad1e610971aEe744dcB6F1B25Cf8a5B3,RoneyColeyman,71691,18376,0.00029019,blast,,,,,
0xC451F5317Fa490c109550955b3785BD7F27E156D,truks,58692,100051,0.00028953,blast,,,,,
0x024E0C9d18f0919E4c77FB71cf91229af218C136,joaozinho123,30876,276944,0.00028940,ronin,,,,,
0x93f44643Aad58C999E8eF2D746A10B3c80e687bb,newquay1,68496,35948,0.00028850,blast,,,,,
0x56a66193812291e75f176AB92De6607cC5650ed3,basterok.eth,44834,48644,0.00028834,blast,,27,,,
0xA82C569A5f2cc7dFF3eecc215a56eEC0214ed65B,firuvirglol,68960,31860,0.00028780,blast,,,,,
0xb78d0De8E7fCb28196B8D07071E66C1e58A21bf3,Cfop_sila,29249,18244,0.00028761,blast,,,,,28
0x2755DfAe2634d57DC1c8ef8132BeB1113136CDf9,WBT-1v99,34119,252859,0.00028730,blast,,,,,
0x35D23D03728c694f42ab85dB12BB9BD8Bb6ff10e,Kenaa,21703,25709,0.00028713,ronin,,,36,,
0x1D75004221df5B32b23f7C9eDf30e63842907569,Alissu,42406,199395,0.00028687,ronin,,,,,
0x98c1803Ff7AB06224B0042C191e7cE45DA3307d3,lmoul,17446,51153,0.00028615,blast,,60,,,
0x90b05c51E6D62029b957F722EAAa040D1569141e,Zhabka,65418,50871,0.00028564,ronin,,,,,
0xe48bCf4141513d73304D7267AF005c135FeDAA48,123arielle456,32623,259629,0.00028561,blast,,,,,
0xd825c6f0a164dE7af1f8199b8Ee74965822337E8,bondezkun,42376,196955,0.00028526,blast,,,,,
0xce2f4aC7BD7944F148FF2093983e8238997BCdfc,SushiiInfinity,35189,59021,0.00028520,ronin,,36,,,
0x0Af59A9cdE38De3c06696F73af84b4f992aA2c10,Silks,54705,118133,0.00028506,ronin,,,,,
0x04bc46819f14A5580eD913688666c6F589F55403,sheenvn,60057,17067,0.00028478,blast,,,,,7
0xc8787710209A3851A03bFcf1df648c3407333C8c,Edsey,50404,49677,0.00028458,blast,,,,,10
0xb9F1c1E3B29af32E10bD047AA5AeBeadF3F36Cd2,Shinigame,20162,36119,0.00028441,ronin,,59,,,
0xa509EC51011BA23141221B92952EAD0881cFB999,xhabib,66436,40821,0.00028346,blast,,,,,
0x4aCe1048BAf44e739c109af635AA93cDC4d1B9Ba,NOTdoublew,61064,73013,0.00028223,blast,,,,,
0x1B479408A508c401D35f645895A35d3aCD28DE2b,Aldzir,70244,13995,0.00028188,blast,,,,,
0x80cCCb34D97Aa5504504572C17764195A117aEa6,Maksi,68908,21026,0.00028098,blast,,,,,
0xeB217f5cfe41C3F790d001649cB24000F4A2c879,Jug_of_Wine,43614,104032,0.00027976,blast,,,,,8
0x979408AEb15D954E4063EE7DB14e667409B471AA,High5killer13,66685,31737,0.00027888,blast,,,,,
0x19824126Fd951e3F596de84410fd337d5e936aBe,HiDoo,48591,146118,0.00027838,ronin,,,,,
0x1Db615d6eBe1560915427688d9e2C602D9433DF8,MANA-CARBONIZIN,68127,21540,0.00027826,ronin,,,,,
0xD45125e76aa8080AAa84e165C76aeDEf4d6f8CC3,pony,50969,26015,0.00027813,blast,,,,,11
0x6b52D523D0B4754C49E80389ad68755eF3E7Ed87,sbrnot,55923,98770,0.00027797,blast,,,,,
0xdB5FBbFF0B7AE63f9Ed2607B669f2b16b21fE290,Ice-PvP,60769,9931,0.00027739,ronin,,,,,6
0x955CF983201CC5583970a4e5eEeA58a755BE373D,Klein,40782,194071,0.00027730,ronin,,,,,
0x730a92c8Bc056980b67a2F6D6437cA048BcA2be3,Loccon,46151,159286,0.00027693,ronin,,,,,
0x0767C70ec7d9A844De5FC48925064b07c26A55C1,Creator,68093,17603,0.00027572,ronin,,,,,
0x21A6321584c9d184FcC76D3a7f9F9B1663d1d22e,Done,10206,386105,0.00027568,ronin,,,,,
0xd6f9359278757ad549895C0F96009506576078eB,Elusion,25440,84366,0.00027555,blast,1,,,,
0xdE7FCc82A9976403d5Bf26248bA8334Fa78F8ACe,subtl3,44424,30039,0.00027537,ronin,,27,,,
0x0F8F12eEeD63717781fD3443f4C0341dA5065083,Maybe1Zz1,70131,3220,0.00027486,blast,,,,,
0x9790041C022C890DB4014A6BEbE6D60b1b61BB0b,pititis,52998,25558,0.00027483,ronin,,17,,,
0xED939B44D291379b021c249cbe26156c86da53c5,SashiMANA,49462,134739,0.00027481,ronin,,,,,
0x6D4E99E839dC5d3EfF0c6c328dC1604Fed2F6aD3,LTzinn,40937,189016,0.00027481,ronin,,,,,
0xaA8190f6DfA9f445838303D92944B66522b22B14,Rectovalchik,59638,69496,0.00027453,blast,,,,,
0xD627C1f710F54A741DC2104780005500b9C84b96,bearner.eth,68703,11761,0.00027452,ronin,,,,,
0x5bf27020fFd87857f7cAE3238AB5AC0F9b2200EC,tyler_cfop,65488,31873,0.00027430,blast,,,,,
0xbff8f5d6AB8Ac905a4DA437cceAA487EE025CBA0,Tiagogo,68175,14443,0.00027411,blast,,,,,
0x2B1A02C309Ac3F7fE77a30026b70C0Ad403d25C0,sasukeOP,44068,167552,0.00027388,ronin,,,,,
0xF9F20e0E2c00864Cb3B42C1FaE787eB2f610a910,dformis,69131,7550,0.00027361,ronin,,,,,
0x8fACb83aEc9D41Bda3C893A25fe7590237FD5dD8,ploobe.eth,62375,50556,0.00027361,blast,,,,,
0x871e9d90DfbF960921E16d0c2777493078D0897E,T1-Zeus,60737,60921,0.00027357,blast,,,,,
0x23EE5cCfaF50bDF0Be7d98e76fdd487fd7D2B76C,90xGGGJustVP,57285,82738,0.00027347,ronin,,,,,
0xa047fEE366303646706c9022e1c868330d2584AB,akim0s,69398,4984,0.00027309,blast,,,,,
0x05840fd5D3d5cAb20Ae4Cd776233eaAAf7d39969,Morder,54414,40692,0.00027296,blast,,,7,,
0x83882b6DF08347461482Ae05dDe36296Fc55f54d,larry_BALAGAN,39076,196683,0.00027225,blast,,,,,
0x0A7Ff37AE799567afB99445Ea140bD4bb1180325,Dannsz,35189,220592,0.00027174,ronin,,,,,
0x416F3d51707b22374eafdA401A06f6Be3A501D15,WBT-以德服人,35985,10803,0.00027163,blast,1,,,,
0x4fa49Ca4922f4bf97d2be81E115D371344663Ba7,pgretts,45857,46429,0.00027071,blast,,,,,11
0x7A0A2E9943a6d22De519Fc4c835Ae67F8a110f48,DrankRivers,17245,77732,0.00027041,blast,,,30,,
0x1eFa9a5704F0878A3D2eC9f8895d0BdB37B35A57,0xNice,63672,36048,0.00026979,ronin,,,,,
0xa741De8191966c8babbdfA8c230772B657fB59b7,0xKek,62953,39478,0.00026909,blast,,,,,
0x8970ab823660AEbd93dfC1f36b9db56db736D660,AraGun87,56791,78685,0.00026907,blast,,,,,
0xE2cfF7DbB224199524eC6c76ca8Ec6d290553387,xakutara,32091,148884,0.00026885,ronin,,17,,,
0x1c8E8c8048CFe3AaD1DA8cC6cd615f5C81EA3142,TGGGame24TV,14973,344307,0.00026869,ronin,,,,,
0x4eda3E4Ef091B36a850c8A7FD54cB3269467A38B,Bomboklak,20346,309139,0.00026810,blast,,,,,
0x64098bD8F1B6b3A9718933b83306A368B51088fb,Youka,40142,114701,0.00026785,blast,,,8,,
0x04Ac7aBf3190F30Ea3676a5564d5234CEeFFfC29,xboxgenesis,27739,86569,0.00026752,ronin,,,6,,13
0x590974B9FD5F48a51007D181DBf517195aa08E05,brazaLEXA,52355,47110,0.00026737,blast,,,,,6
0x0AB2EA44b2cc0aF5079b5eE587F186467EeB0681,Tristan_BALAGAN,62984,36025,0.00026710,blast,,,,,
0x9BCd54882f8709C4e1c4E193b34fE58BF858B9A9,BMDzxc,38898,188186,0.00026637,ronin,,,,,
0xd1695A08DBF39f9E765A7D2b9ACBA395600e9610,llumy-KGeN,22808,85728,0.00026614,ronin,1,,,,
0x2D368ef7Cf4c5718ebf85c7c97B65d5B6D0f99a4,Malayali,63484,30956,0.00026595,ronin,,,,,
0x1583c0a2c16094F714086b489738B1dAE7a790C5,CharlesMEGA,22136,293715,0.00026564,ronin,,,,,
0xC3898192008E2a570338d2aa8668fC3Bc4359C28,Hadys,64684,22699,0.00026557,ronin,,,,,
0x09Dae41c35BB2b20e73253fF075B9Ec8c55716b8,teki,38593,188070,0.00026511,ronin,,,,,
0x3065d2942c735600f4E195235e61b32FFe7923B4,WBT-waigai,52923,96055,0.00026464,blast,,,,,
0x8634F635aE720Ea02d61ff1b2aBa5A507769d3A5,heyysmith,36487,200421,0.00026446,ronin,,,,,
0xc638466721325846C3937E36da15dF5fDC22c3d7,SendSeven,59566,53017,0.00026418,blast,,,,,
0x10620478F42aFAE514b007e2f8451496033FDFC2,Lumiv,64379,21983,0.00026394,ronin,,,,,
0x3A5177CD64821D78F3DECD437c5C67D3C1e1a181,0xGallegoxD-KGen,27168,54143,0.00026380,ronin,1,,,,
0x3f238a762Be530d0C494B0D260e97f794D974058,TGGVinne,16345,327418,0.00026370,ronin,,,,,
0x720b7FaC4516Ffaa755d301190f5BE208cae1577,Elkabong,26447,262277,0.00026320,blast,,,,,
0xDcB0b2A76Ee4B1a5FBA98266005A860E25c03A05,团团,37927,117266,0.00026288,blast,,14,,,
0xAc6c5FfD4216FB3F939fC2ACf5733b7d2b079A91,TruongGiangDaiHai,49203,116479,0.00026264,ronin,,,,,
0xEf1039e50e47666fE8C4D130b4a6F3372C7E57Db,mrkrap,64281,19170,0.00026184,blast,,,,,
0x0ee3FD915c0591d192f8a57005921845Df0B6B5B,Hyra,59476,49669,0.00026179,ronin,,,,,
0x9f51E592B8399951559518D8CdE1E7Cfd5f110D0,Nabobinh,44151,144873,0.00026034,ronin,,,,,
0x19488EBe05895D1204bD603b2Ac40b2AB8A36472,URANEGRI1488,16236,51197,0.00026013,blast,1,,,,7
0x1cb0C70ac149de7F284f7e6398Bd10ad628a18Be,Imesety,65687,6960,0.00025985,ronin,,,,,
0x703229Ed8931DC5e88822d62A6f8467E27Bc44a9,神秘的人,52344,91455,0.00025957,blast,,,,,
0x210BeBeb118dB213E6bD212944f12abde4D87149,Hasu_ILV,41194,161492,0.00025899,ronin,,,,,
0xCA1d4260221E4Fc18c5c280fb484677ca80D3C3E,Nech143,49535,108359,0.00025897,blast,,,,,
0x26d64024f29dc68807F700B412cc34eD9A62FA21,xiramant,44144,142141,0.00025864,blast,,,,,
0xAabbae88050132e6c2d07Aa6334149b3eDC54207,Samiki,52324,44153,0.00025864,ronin,,9,,,
0xb00a24c8f8C4cE67DeA812DD5D911113B2094f55,DelsinlMANA,32326,12418,0.00025838,ronin,1,,,,
0xcb70Ae5e897325B45Ee1478eb3d5E0fe195170AE,lorenc,16358,231840,0.00025762,blast,,,,,9
0x77bA48f190A5b7BAe54FCa14B3c0f19Fe73c935A,CarlossFe,63624,16140,0.00025744,ronin,,,,,
0x4CCB6A53ffCE5617A1F55Ec0143e21A92dD8cd43,malaborynok,63005,19722,0.00025722,blast,,,,,
0x03bb4214FAe16c545ccC82a75fe190b3f1803152,TGGThundriel,15171,324253,0.00025720,ronin,,,,,
0x22B5a6146Ab33a61011858b63288E46361334257,K1NG,52942,7689,0.00025718,ronin,,,,,8
0xcab7fBaf87C822E824452841317DEDe31F4aAE76,P1xel,59836,39636,0.00025706,blast,,,,,
0x482eF8DFEa900A7e3B1b50745d142648414bC8FC,rentikk,58779,45851,0.00025674,blast,,,,,
0x788aD59953a5fBCE4bB73877582D233f8A7b8036,rgfrer,59321,42274,0.00025666,blast,,,,,
0x16A9A38F2B34c9A010a5974ABcAAc23f9b10E817,Ravaillac_Balagan,50415,98495,0.00025637,blast,,,,,
0xeA26994f1B90f251A3004526300A82093f04D8F2,patolas-KGeN,17501,26798,0.00025595,ronin,1,,,,8
0xcd2Ab8A388169F03291AAeD138fbf782Ac083ec9,Stan,18642,299431,0.00025554,ronin,,,,,
0x818ED6f3fEAe8524A76d2aCC3002440f30bee50C,FiinDusTx,32598,210177,0.00025529,ronin,,,,,
0xBB1D29023B40DC317d2cdfD39a3C2EEFf43F0B1D,Horus,50891,93015,0.00025487,ronin,,,,,
0x60990a5c8C35bdE226beF5f0D5bb4A72d0cFEAF4,Caizus2,30354,223662,0.00025480,ronin,,,,,
0x80774578B504dbdee26bb42cDf4A3F3066228dbf,Will,58534,44099,0.00025472,ronin,,,,,
0x0D63A8474d009fFeaaff495D356c6DcA70B4709a,海王,64094,8561,0.00025463,blast,,,,,
0x9806FC2e617Ef44AaF28de602E17618457386292,Darklyn1-KGeN,30408,17778,0.00025419,ronin,1,,,,
0x1C15f6adc0f375bce5E8655e7f354Ab6012708Cd,kaiky,62287,19092,0.00025404,ronin,,,,,
0x8aca6E1C7225ccd62e1595B24FAbb3CEB1b50EE6,doublew300,54984,64219,0.00025320,blast,,,,,
0xe7F9Bcf68eee552C006A31b170C6ca5209bA49f3,Rilltok,23069,134301,0.00025317,blast,,,,,14
0x3E277A891A6A947334E3f4bE80e3F0F7dF12d6f4,zajivooe,61956,19208,0.00025282,ronin,,,,,
0xb9F008b1eb804ba6Cbe5279b00491a2d26260290,Yasakani-KGeN,26936,36792,0.00025230,ronin,1,,,,
0xf6BCa3675B96e724eda4d3E3B490458FE173f9bF,lazy,38031,32719,0.00025213,blast,,27,,,
0x316378D9428db5725F83DD361e900BEbe947179f,benhurst.eth,27230,237961,0.00025139,blast,,,,,
0x2295e04E251efd8112E76F2CB59B5b9a37c48B09,WBT-Dazmon,27140,33235,0.00025092,blast,1,,,,
0x8317e0cd13ae061E6D993462771D58B3a8208133,gauminhkhang,24629,85310,0.00025082,ronin,,33,,,
0x008aa080659497BB1D76fEB1093764bd87549e64,romanov01.eth,52676,74986,0.00025080,blast,,,,,
0xFe86E5c998164cA2932Ddd70b54Fc6Bd4ffFD2d9,90xGGGTomArg,28727,22106,0.00025029,ronin,1,,,,
0x29d431548C76afb38850c2e1758CCBA3BceA9B27,TGGGreds,18505,291332,0.00025005,ronin,,,,,
0xf7b9d9F34679DedfdA39d1Bd6b6c0D6c859654c2,darki,46227,114156,0.00024964,ronin,,,,,
0xAd0eF120bEf2d3aa614D07ec7431006Bb2839694,SSD,60081,25799,0.00024955,ronin,,,,,
0x0ACe05dc75850B408838c8DD168aeaa75e88fAB6,DTT1210,38658,54350,0.00024909,ronin,,21,,,
0x4BDE4BB6Ee0C00ee058F9Bc5f4E1baFd3FaC6dd8,Blank,43777,128633,0.00024896,ronin,,,,,
0x3DA81E9184560247e785e2378a2F6E5326262f37,WBT-叶问,55088,56511,0.00024889,blast,,,,,
0xF58c5F2974e9Ea0Dc9d3188Ed97565b71D3402D4,PK_Chimi,63247,4425,0.00024881,ronin,,,,,
0x0129989DD7e1c8102dBB3c6b2EB1Aa2922F5be3F,Keco,37795,70730,0.00024838,blast,,,,,10
0x7B5F923cD02197c20E4Cf59A218573462C4ABbc9,MEPOxASASKUN,44616,121972,0.00024815,blast,,,,,
0x1d3f614e8A5E6a1BBD5B506e4E995788dF9a513c,Cridi,56347,47005,0.00024798,ronin,,,,,
0x07F05dAB11d52421dF9C1d669B22A833F23A478B,sta1wart,37547,58169,0.00024767,blast,,,6,,6
0x78Dca0cf1C6b478E48777c02f2cB4618fe8AD42E,CABANINHA,38817,157640,0.00024739,ronin,,,,,
0x1c8be46931f0f0a629508ae67449fA0FD33aC2fb,HideonCrypto,58470,32420,0.00024733,ronin,,,,,
0x92a4Ae8F34071DAb383C9211d9D3964720A0ed84,LambadaHaaivana,59954,22578,0.00024709,ronin,,,,,
0x5b28A32AA9F4A287af55f3e5A408523A0C21F8F1,Buster,17510,292530,0.00024691,blast,,,,,
0xdc67f8539c3d98C43ea7A9a71b95f8dDC279F821,OwSoT,17443,88265,0.00024682,blast,1,,,,
0x6B4224667Be4317c4E0Ec7838e0A05735a2b5860,carllllos-KGeN,22324,56626,0.00024647,ronin,1,,,,
0x98993E3Bc1705330EA2251Fc261B249a03148e8A,TunTun,54809,54134,0.00024636,ronin,,,,,
0x0A6cBBD8f52cBcEE7850806Ce03C6034966BE34E,askorbinka,50912,77644,0.00024556,blast,,,,,
0xBdE3079e3E0424fe00570772e39661c486D67936,Ancient-KGeN,24025,143706,0.00024521,ronin,,,,,11
0xaA8b6D9153853a2a2dD645ddde74C33c5F544F63,Kizuna,58316,29913,0.00024520,ronin,,,,,
0xb4d70a52cD83bd0d29446ee3AA9dA757f3574a0C,HikoChang,59343,21435,0.00024401,ronin,,,,,
0xe5FBB14f0cAbd3c03536A7fb75759af49b251D25,Sourciluss667,55934,41497,0.00024301,blast,,,,,
0x3Aba0a5C57DE373ac9D3642D8ab87753c02Ba157,juliano,55683,42212,0.00024247,ronin,,,,,
0x35b734f7815023c7d25ED3EA4836fA3f30c38320,savage21,34705,175579,0.00024235,ronin,,,,,
0x7D584f7A4D61ab1C150258224485e508e9b44D52,Zoy,48301,12280,0.00024192,ronin,,,,,8
0x985718aEADC370c2524e3881e2b07a2566A4405A,Flash,37131,158715,0.00024148,ronin,,,,,
0xa90EBc19e0486C2eEcC0FF2934Bc1db4CFA93433,Kaus,23368,24840,0.00024114,ronin,,,26,,
0xf91CD0A3bC996f7776351FeecF7d828486B3BF3D,shlepik,25020,56487,0.00024096,blast,,35,,,
0xe674b27c7B12d6828b170d5bF4618A6387b7D61D,runeen,41888,127019,0.00024062,blast,,,,,
0xA3f28B7F053E57ED15f9B14dd91BF0A19596a806,Dhaegar,28221,213988,0.00024059,ronin,,,,,
0x3cD8e486472959bA0A44De6BBB51346f883bF26e,Gap3xSUF,54023,49645,0.00024055,ronin,,,,,
0x56Dd440365803420a4bADba2079375D323ed6D99,luijiss.eth,37779,151645,0.00023968,blast,,,,,
0x521e83E5b64e1DbF3BE5f2E44a955aaD2beDF93D,kama,59315,13740,0.00023920,blast,,,,,
0x6C9Ac1a77f8B092C89769b762760384EF92a48D9,TGGJunin,58434,19270,0.00023915,ronin,,,,,
0x4DEb52a3afd375CC27Fee3E57833A2622c51e1Ab,GBAlmeidaRJ1,58199,20474,0.00023898,ronin,,,,,
0x678Ba477559bA6529d7903ba9a56c4176FD40dBb,90xGGGMayseck,54929,39284,0.00023775,ronin,,,,,
0x59249E494A58aBB8380C95801F63914aE0284971,potap,55423,36036,0.00023768,blast,,,,,
0x504b44084925f689D7638787d7acf34e9072C459,Chamyto-KGeN,38779,141939,0.00023764,ronin,,,,,
0x0680c16Ba09fdc59A17A015Bb6957E4b32B4375e,nftama.eth,39962,133865,0.00023731,blast,,,,,
0x8b39D110fbC6F3c6f2D3Dc691442B40962C8E279,90xGGGbestii,42307,118309,0.00023693,ronin,,,,,
0x7b2353Db267d54ACFB26D31C3203D1A5AC070f28,mamot,32495,108377,0.00023631,ronin,,14,,,
0x522Cd03196a90423EF5A0d5dE1Df369A3aaC266e,TGGxGRINGO,45185,97451,0.00023538,ronin,,,,,
0xa54705587C7E2e03555Cef66d4eeB839ABaEf11C,Defao,55556,31364,0.00023535,ronin,,,,,
0x277cC259EB08C71e5Fc6458fF40b2C032c460Bbe,negr.eth,47978,79596,0.00023534,blast,,,,,
0xd56016Dd2278B64Cb15301c3e24bCf5459c31513,jeffersonfxx,22032,244659,0.00023525,ronin,,,,,
0x960cD91C296b215A71cb4489020ee83E9940485D,plasmphantasm,31781,182310,0.00023508,blast,,,,,
0x46234FccD57237F421070E23C509c8d7f5c97022,armx,28413,49677,0.00023442,blast,,30,,,
0x1cbBCbFba0D862230fdc3E4045a7a70e23AA6108,rafailmdzdv,59335,5000,0.00023394,blast,,,,,
0x7F1938ceb2b7aD7e33299171377faf4fCe721443,nagiev.eth,43015,108661,0.00023379,blast,,,,,
0xd7C70A18A3A3b6083D2AD65417EE0E02260Aa8C0,samuraisyx,41746,69286,0.00023315,blast,,,,1,
0xFa4E11C82D28E551923050b84D95326aB5418fD6,rsrodrigo-KGeN,38357,135661,0.00023216,ronin,,,,,
0x4A0F3f4Cd94554615d30486607c263a5183bc8F5,rtv,20175,250757,0.00023175,blast,,,,,
0x96fE5D8F32Ce9a31b7789Ac759D66c1c482E501b,Morty,48322,71515,0.00023174,ronin,,,,,
0xf5B78CF6c9f9c0bd4A52A1BF8Db039b8b9509Bae,90xGGG-sick,51858,48237,0.00023127,blast,,,,,
0xB5F3eb73C1d01E13Ab5e1f2DA651B14a92d6D953,Quenno,49371,63983,0.00023121,ronin,,,,,
0x4C4c13E010C808Dd71a7daE6dE1140CF899653bD,R3VOLT4,14395,285523,0.00023051,ronin,,,,,
0xEc756eab4d7716b343B8D314f8276DD5Fb35b615,MHIMANA,31292,60319,0.00023031,ronin,,23,,,
0x5C4ba6Cc82062DA6490C2b5B262F759a6f1fF5C8,metaname2,56038,19869,0.00023020,blast,,,,,
0x5dAF6f9b774Fb849b332dcC44ad61C9413A8b686,mehedok,52267,43548,0.00022999,blast,,,,,
0x904957262d34f3095df6420682d60c9c2B6BBFd5,4zvuk.eth,42044,12799,0.00022951,blast,,,,,10
0xF622F27A4e06747E73A3B5311D4E69e8296538C8,MANCINGGAN,47298,7696,0.00022927,blast,,13,,,
0x3b465190009Dbe2205FDef240433d61CE2D94bc9,Claho,36320,143467,0.00022901,ronin,,,,,
0xAb0C463D93758272FdFeD47525213C0FE9Ce2362,cryigoring.eth,48521,65668,0.00022894,ronin,,,,,
0x9584083Aee5D5fe872ba70982762C17ca605e971,MateCouro23,24570,56466,0.00022887,ronin,,,,,17
0x91E8d05deaC59aF304e44cb03F6A7f382cfD7999,BOSS,57127,10478,0.00022869,blast,,,,,
0x0A204544bB40fc28a2f6c1CB294799414e2518C1,Tusk,28887,147398,0.00022845,blast,,,5,,
0x509f88730F84898a4c7092f0C09aC9E615c8CaE3,GenouE1337,40366,116301,0.00022815,ronin,,,,,
0x29019033396256DE8a37E894cf507A945755EaFC,CrisCrossX27,43572,772,0.00022811,blast,,,,,10
0x464E8000B168AbB52dCD5d2139e6d67318fE61c9,VertygoTGG,43999,92318,0.00022763,blast,,,,,
0xDB4AEd9e727104014AC62fB301A29e5EfD2E11Ab,vis_BALAGAN,41097,25588,0.00022749,blast,,,10,,
0xe1Ae2073ACA222FC02202B93b3C2395D94796213,papuloveyou,21986,0,0.00022740,blast,,,,5,
0xDA2824732492C690D16c15F12D313aE6029F966c,90xGGGJameson,28948,187532,0.00022725,ronin,,,,,
0xAF85C890fB766C3f2226C519c4B382cD87C93cac,bringDBONG,44067,90989,0.00022708,ronin,,,,,
0x28ADd7D15E75ACFc1C62e8ABE07BCaF3173E5170,MANAdantes,14661,140247,0.00022691,ronin,,27,,,
0x29Be400126A3b27e45060DBE8da46b88Ed75DeaC,BryosoInfinity,44105,23927,0.00022691,ronin,,,,,7
0xbc47F27EC4Bc848fa8BaAcBe9936e5Beb59122d1,NLDxLouis,54562,23487,0.00022666,ronin,,,,,
0x92E985F0Ab1c9FdbC1c9bD0eFAED7863B440eA81,lecuong90,22518,227044,0.00022638,ronin,,,,,
0x444d8f2D8c3B6Fd8E68332AF2B32273702cd9D82,梅卡德尔,56605,10007,0.00022638,blast,,,,,
0x2d746655bC0d3e0497453b75BCeEeBAeCb730B56,Sundaysex,32146,165699,0.00022635,ronin,,,,,
0xBAcBD519d0eCd2753797eC2B18A7BE820b31297d,gil2koficial,40777,52090,0.00022536,ronin,,,,,6
0xb3370615fFa61F683cAA51B2c7CfDAD4aecF2040,Леха_Пиздюлин,23790,217125,0.00022527,blast,,,,,
0x2687DC68f9E5F40A82Fcd6f75b2F47E6B11864D5,kOrvus,56553,7884,0.00022488,blast,,,,,
0x2645DBE68D9B9F26808a2F12cA4Be148c47982B2,Lank-KGeN,30512,107097,0.00022484,ronin,,,,,7
0xFceC1054D06Afe64506a98bdFc3C8490a2D04848,sandra,50122,48766,0.00022484,blast,,,,,
0xBF1403ECF877c4CE03B841015A605e07aAE26dDc,NHao,54385,21507,0.00022477,ronin,,,,,
0xaC5c6985Da875466ac449ed5063faEd5e7b173B6,tombin1,47081,67857,0.00022467,ronin,,,,,
0x9891538Be066E70C4090bE7F85F23F5Dec0a4547,Kris,20010,51422,0.00022461,ronin,,37,,,
0xE202d475827f26AE84A2089e8983A1CC1A2D8547,SpeakEasy,35991,19370,0.00022459,blast,,,14,,
0x991AA59684F8305cCFfA0306D008258e17Bc6BD3,N1M1,57043,4226,0.00022455,blast,,,,,
0xcf7A26D28770Ed778dBAbF36A9430558161B5CcB,Gabs,22511,223350,0.00022409,ronin,,,,,
0xD5830AD3410ebc92B4E88Cf703afFD018B15b9EB,Youtube,32664,158567,0.00022401,blast,,,,,
0x9bB6B50C9Aa10020b6D39eE0B605562551C5e034,HADES,39305,116258,0.00022399,ronin,,,,,
0x16Faa6D4537155C5a6E958730737860a7aB186B9,Odyin,42312,3345,0.00022382,ronin,,,11,,
0x87A1f027ced1e11721b403E862bC69f8c62609F9,OPernaTV,35090,142773,0.00022380,blast,,,,,
0xf53EdFaa94fDdDBaf744195f56957919596134AD,MCG,36539,133134,0.00022354,blast,,,,,
0xEc570b45DFE8F1c06783392F0FEf4a43251301b9,Zilant_BALAGAN,30493,171111,0.00022323,blast,,,,,
0x0F52b9269C63117551612Dd695b79443d8D26A1F,Valfen-MANA,55213,13463,0.00022307,ronin,,,,,
0xCD56a8f5a83A96746fA999bD94641B8515d1Ce99,maridaoMANA,51882,34354,0.00022288,ronin,,,,,
0xb1AAa45fAaEf83bBc7be41c001FcFdC9943c4395,90xGGGvinay,53862,21423,0.00022268,ronin,,,,,
0xD8a6af97aaF6d3b34b9Ec47B4eBf336C0f9fe887,Merka,12794,148589,0.00022192,blast,,,,,14
0xbe2E79EB1C4259aD0Dd4D9b05A3De74cEdf58851,Dbrodko1,44060,82434,0.00022182,blast,,,,,
0x7A64041eBE9bfE77D30627C6902Fb0C569aADbb5,HCO_Nasdaq,56895,350,0.00022160,blast,,,,,
0xEDaFC63D75F5247f96Aa2AAD6D14Cb9eFF8F79AE,mDsInfinity,25223,144949,0.00022159,ronin,,,,,6
0xcB0cD0D0a7f06C6835D5569E736f4e913baf38E9,liscreen.eth,44600,78420,0.00022147,ronin,,,,,
0x1536b6aA071c084581aB701634308a0dC9B4b19e,Bigbabol,53637,20059,0.00022097,ronin,,,,,
0xBDFeb220d4547D8988080B5D95aE29e253BD5c53,Kenji,45811,69186,0.00022054,ronin,,,,,
0x16d845bd84f0b480ddC51042bb8C1C735D37e9D0,Disinfettante,55441,7726,0.00022045,blast,,,,,
0x01E58dB22753D604EEd84A023d4E73847002A031,张梦,56504,745,0.00022032,blast,,,,,
0xBF87236031E21E39CE00Db66d93D97FeC26FdF2C,swaxxxx,53646,18933,0.00022032,blast,,,,,
0xfa324D792d55C5431f73F74492dd761644684e27,theusMANA,30795,107306,0.00022026,ronin,,,,,6
0x576D81baaBE4B9F0BF207Fe7A380b7f8C5793c1F,Yuna,38656,0,0.00022012,ronin,,,,,12
0x11a0aa1017D999507e0f7C8d9a5f2e38A6E034EB,Ninja100T,36049,129563,0.00021946,ronin,,,,,
0x2c3efd9AA3a047c978e725CA78EA7B2D490554ea,claveriee,27522,183793,0.00021942,ronin,,,,,
0x7a1BE4fEE93af5a38fA2D233f5B4296e5EAa7AEf,Tucho,47866,54124,0.00021933,ronin,,,,,
0x5E381D4c3a0133f2c0822C810C87F34e6F02C5C8,Tsubasa,47463,56432,0.00021918,ronin,,,,,
0xCf96bAcc33Ce51f95B54E316607DeCbA5496B10c,Acquy666,18565,10355,0.00021882,ronin,,45,,,
0x11ba9DCb2dcf22a178a0A85EA231A12E7f1C2Ce0,TGGNeobor,37648,118243,0.00021876,ronin,,,,,
0x1aAF2bb5f37D26bD981a886C6ED1B389fA51F12f,神秘的几率大神,45153,23738,0.00021826,blast,,9,,,
0x1D8E8298621F237b0e70908a2E4D01fd1430C71D,BrunoGemologo,16040,67916,0.00021818,ronin,,,22,,
0x540Fa9d1577FfAEe003F5ff285AE1eF81d6abf44,TazInfinity,29637,5971,0.00021772,ronin,,,,,17
0x4f25F7eF21E14a4e59c2239dE1cd067C170E4ae5,BlueMega,43964,75155,0.00021700,blast,,,,,
0xF167E093c92F50D53c9d314Bf8859C754CF2fE50,shok1223,42094,86836,0.00021686,blast,,,,,
0xb2e9FB7c051C7d2c5eC510E303a478DF8a5f2e56,TGGChico,29831,164725,0.00021675,ronin,,,,,
0x7b026a8EFCe70B5402C6867adF5E0da2B9AA2069,JorelNFT,16819,400,0.00021672,ronin,,,,,26
0x9ec70501bF3E5e9B50f6aF52DCFe7B4C6FE44653,JuuhMANA,42085,86502,0.00021663,ronin,,,,,
0x7042327fF60B3666512371D3A6EE5884a70D0C42,90xGGGIJyste,49919,36492,0.00021655,ronin,,,,,
0x8c51688d20ea6615451E5F5E37a459366dffc284,MEPOxAINO,45385,65315,0.00021652,ronin,,,,,
0x574cb9ECc6366772d268d1671EEEf8764Dcb68A8,RazpurgeX,27802,29215,0.00021642,ronin,,29,,,
0xaaa14533B953d06244b5c71ACc067C4D4Fb33035,YATNO,45142,66587,0.00021635,ronin,,,,,
0xe4B38874289975488c3B21714170BED5AF3A233E,Carinhato,48040,48014,0.00021628,ronin,,,,,
0x0f4529682A8A4c8DE966EF415b6E67dced82084D,TR4_WifiSea,37217,40704,0.00021617,blast,,,,,8
0xF8BE0937c26c37B2C33adC538Ca38F5cDc0B6641,Eldeen,48539,44266,0.00021593,ronin,,,,,
0xEceFEd3da97Ddc51Be7e76b0cdD61167A9417985,GalalauMana,43548,75554,0.00021563,ronin,,,,,
0x8aF3F4A5E1bdDF989F15f330BeAa0970134D706E,lomit,52600,16924,0.00021502,blast,,,,,
0xB0d4E409C8920bCC74Dc82b1D687cC5eEbD51B0F,Honglian17Amia,37500,55912,0.00021494,ronin,,,,,6
0xC09fE1e686a418003Da2c90d35CFF317E7bE9D57,aquino,47210,50615,0.00021464,ronin,,,,,
0x5b66AF477d6ee29cA8a1Debb14edfFAed815d781,TheCreator,46319,56010,0.00021447,ronin,,,,,
0x8E5Cf257605a114858203E33057ed4c351f6E7Ec,90xGGG_LordMonKeY,37483,112028,0.00021432,ronin,,,,,
0x4eF9f61322F37B6E9a28F994ae0d8b7BC49e874C,vandecos1,36701,116377,0.00021393,blast,,,,,
0xb0d99c37BBd5da98175b80812982C9a07d091e8D,asenderling.eth,12951,266939,0.00021353,blast,,,,,
0x483388C064fdcD036ad9DF3807332023FB1CBbE7,hodl-hyena.eth,51736,19060,0.00021296,blast,,,,,
0x5e23116759534BD1d74CfE130b77876Cf4beBa7C,fefef,29579,7616,0.00021269,blast,,,,,16
0x40DF6505Ee9F361BcF28cE0C0c04847A8679E31d,sauron,52272,13262,0.00021150,ronin,,,,,
0x9bAe2E1Dc05C515A51d62C2c6b2dfd65C39A2f5d,B0B,22061,77935,0.00021139,blast,,25,,,
0x5fA5e6e6da0b4484a104D05046C14bA8038A349F,dsfdsfsdf,41306,36449,0.00021137,blast,,,,1,
0x5B3BbDbA3ae545bBa1BCF58c58ADad61D1fE426f,qwep_jopa,33351,66367,0.00021100,blast,,,,,7
0x52A0588E60b1396A0b781185Ab72D30c35298765,rastx,30941,148223,0.00021098,blast,,,,,
0x36d5414524686944A34E0005E893cB7EB89830d3,bezobnimasik,43039,69955,0.00021023,blast,,,,,
0xAf943E05F5D3BE27977459EB8E990baFC3E9399E,Kar,40098,88281,0.00020998,blast,,,,,
0x9Db995C073C7847cDc94aC99623a3B6567DeCd25,excelsior,45469,54059,0.00020997,blast,,,,,
0xd464Cb9F084E9Eb7091511bB74E2b1b5Ba151556,ruby,34218,124626,0.00020931,ronin,,,,,
0xD938d6f839f893788BD3b17fBA4cE12B3E006a97,Rosin,34984,119491,0.00020916,blast,,,,,
0x3A5BEf257F01bA004D713c25C9A3BFffD7871Fa9,MEPOxCALIX,18688,223128,0.00020908,blast,,,,,
0x38c5d433AC22dA9772494e384f767201002fe6D7,Haha,31769,63216,0.00020900,ronin,,15,,,
0xDb45faE513bE37789CE1af6cA546F3B4DCB0CDC1,WBT-啊祖,21326,1414,0.00020885,blast,1,,,,
0xF2d570d49191caF0d0089B76a8576D309ecf94B1,MIchelGrac,26395,68752,0.00020862,blast,,,,,11
0x90faAa4a5EaCb55246292A5F3b09Eb60d85c2995,swoow,39320,90759,0.00020847,ronin,,,,,
0xC2F7f69429314df9d38995a19D33493D57A5b704,90xGGGMickyVM,27905,91899,0.00020838,ronin,,14,,,
0xD727c66d92BfAB42Fff0a8c4fd6057bC2D02f80B,INFMarcoVeio,33081,72805,0.00020807,ronin,,,,,6
0x6b4337875C906284607739EB9B89152Ac12bf27D,Biriba,34314,121961,0.00020806,ronin,,,,,
0x9Dd421839FdA907B90f9d04422E61Cc63d585d8F,ant0t0kha,45413,50736,0.00020772,ronin,,,,,
0xe603BD2513711bffA63B31025806634696Aac847,furybuy,26116,172522,0.00020706,blast,,,,,
0x7A974Bf837391778D30a5849b43b81F1C7E55274,adwonder,35553,112090,0.00020685,blast,,,,,
0x880aaC204957138C588799Be79E6ae940F4b2aa1,lipeap,19348,163405,0.00020632,ronin,,10,,,
0x9a73262aDe76fA1B96bF302a7b88384B3E90CFb5,loykiN-KGeN,34089,119950,0.00020595,ronin,,,,,
0xb28890d5721D8F258bA45Dc922ca09d1243A1ecB,0xWisher,51546,8293,0.00020564,blast,,,,,
0x19A4Db1E2DC4950bf765756b89Ee242e74993C7a,SEMNiCK,22961,66624,0.00020558,ronin,,,,,13
0xB845Ba53dbdB13b7C2d79D7824751Af228099AB6,DilsolaKGeN,36124,106072,0.00020539,ronin,,,,,
0x786e00EE6f63C8b43001f305BeAEf65d6f1285F8,jeandoidao02,51111,10572,0.00020534,ronin,,,,,
0xDDF689c6Eb1c5402BC827A820B3d72bf3fb9341b,gazonokosilka,49455,20900,0.00020521,blast,,,,,
0x1858850485E63C868473e51eE833f1b2c8739D0B,zdapricorn.eth,12734,253999,0.00020478,blast,,,,,
0xc2a95BD179B7f89B05C920D6F6DbB49E9D42470f,BabyRockt,31898,55455,0.00020448,ronin,,,,,8
0x955AA367cF8C84cDDfed73C775c29272F0d3c2CE,ShaZaaN,44098,7783,0.00020440,ronin,,9,,,
0x2061557A8E6f03d25033EBa362d324B8f0A650D7,DarkIce,27347,160076,0.00020424,ronin,,,,,
0xE6C0BC90ac474a2A3498F3e0EBFda21Ea3bC1dAb,Velimir,47746,29954,0.00020409,blast,,,,,
0x2Bb104Af25fe88DF5feC12AB66Ae739Fe8b2C32F,thuanpham,23478,12944,0.00020383,ronin,,,,,18
0x3ccb6fBA976c9049878783b5848407e9C1392DF2,khalidb,48619,23958,0.00020383,blast,,,,,
0x7a7A4EF7ac9C2f15aFF8Eb48E13e0c0aC03BFd37,InfinityDiddakzc,29549,40621,0.00020370,ronin,,,,,11
0xFbb5975B125F012497B3877687be6ee4bE4bC8BA,TGGpard,23320,184346,0.00020341,ronin,,,,,
0xf19d156E27b63BeB6c87835Ef9f8D2b0b2C7539C,BettamIMane,21320,28585,0.00020328,ronin,,33,,,
0x0C43aE63E7Ff8f8e366374f6cbA0124a89E96017,KyM1,45087,45227,0.00020308,ronin,,,,,
0xF6f99c88F8a8be2D7Ce31D1C23b98b26d21aE94f,Mizinha-1,39747,78656,0.00020273,ronin,,,,,
0x11F0bBf6EFBF2A96Ef37E82e08ac219c63D98C26,BEAMZ_LEAD,26637,105033,0.00020269,ronin,,,,,6
0x93CDf4b5a9fdFF4a958C40c6dB93623c2c8d9A8C,WBT-法师,35906,102914,0.00020261,blast,,,,,
0xbC4141e6d0fd7a167f3c5Dd21b16c101224fE4BC,MEPOxZHANDA,41733,64915,0.00020206,blast,,,,,
0x3739206227E610FE5A84134706568B8D01ad9e86,mskwaii,41547,65877,0.00020193,blast,,,,,
0x8165Faa93BEf89891167dF77F4D83E4325fCdAF8,Skeych,12361,144607,0.00020193,blast,,21,,,
0xF7D0c3572291eaef468ecd980efBbA6E77da6af8,fxrs_MANAGG,29569,54625,0.00020143,blast,,17,,,
0xd8A2c614edAB3710e3D14683ddD6A63756a65fBe,Jasieeeee,33991,55937,0.00020130,ronin,,,,,6
0x0E8A17B8A7262aeA0F9B55De17E65a572553c127,srtankdk1,35123,13845,0.00020123,ronin,,18,,,
0x54372fd91473e0F6F8507A955CD45De9B9D740D5,hammertoes,32787,59192,0.00020116,blast,,12,,,
0x9F944A7B7Cc31B1C0F0A6BE36af3803d1C0C47dd,Azul,31775,126415,0.00020090,blast,,,,,
0xC4dbA364bE4e8787c80E6eC88eb8C6Cf09e5608a,sandb,21131,60948,0.00020051,blast,,26,,,
0xc8f5820418c8e778b749d8963e4C57bFe6F228A9,Linmas,42777,54467,0.00019974,blast,,,,,
0x8106c2dC92EaDe2fE621b6c059DB537786c07647,GuyPizzaBored,49307,12821,0.00019970,ronin,,,,,
0x2E66d54718F005508D521e775becd1dDa9C914cC,jaggernaut,41236,63385,0.00019919,ronin,,,,,
0xeC6b2feEdAe8e88b005f73B2b2D65ce7531BAe0E,imm9,50185,6132,0.00019903,blast,,,,,
0x44920Cc94ADEb8C2f648EFe80695B47c27A85C91,LopimMANA,40490,67832,0.00019901,ronin,,,,,
0x07EE877Fd36fC1961AdD421cf220C7dBae0d168d,WellMendesINFINITY,19868,122271,0.00019851,ronin,,,,,8
0xE4b23b5336B5ac8D5DF87A941484C4973Cc12972,Miris,27687,148469,0.00019847,ronin,,,,,
0xa825E29dD3560Fa620fdC0A223E26BFF04cAd9e5,DarkEmo,37253,87357,0.00019835,ronin,,,,,
0x69e8e95A35B9875d8F042238e10F2B72c21D1fa0,Gordy,40047,69525,0.00019832,blast,,,,,
0x8ac01520D381a15889A18B5a251e93c7211f8a1A,Timezel_1,20176,33249,0.00019828,blast,,17,,,8
0x6AeC45eeD5dD34Bc08ebdC4a4af9703fc79C79B3,love,37162,0,0.00019759,blast,,17,,,
0xB7d5aa3c8D7Bd9B0adaF13778bC4511a106068D0,CryptoFarmX,28312,143012,0.00019757,ronin,,,,,
0x8C86AE286b43F6D85112a551784C98bD07EA6bc9,Un1ucky4,24061,169745,0.00019737,blast,,,,,
0x97bb9c5B2bDaE2eDF54741a8b135AE8Fa2b95800,Caspian,46714,25105,0.00019712,blast,,,,,
0xa179df44726B5F70D2846AB3FF60252ecFa55da7,zeltiar,33984,105851,0.00019693,ronin,,,,,
0x37A0A713dE1e8b3F6a53CE95566c4F4F96d6240C,paperosa,13880,177640,0.00019686,blast,,11,,,
0xcb9744f7C2c6C47f6426aD3774782680660e613c,SoulKRN,48901,10495,0.00019670,ronin,,,,,
0xcF9b92d3F73C5A08705Da33C2388270EAb414BbB,Aracul,45878,29617,0.00019662,ronin,,,,,
0x226E228aDC17314f69f3DCc42df39a807970E56B,Ranzinza,33852,105736,0.00019634,ronin,,,,,
0x7556FbF6f65eB7B871dd4749a792bA8DE3A31bFd,Pigas-KGeN,19592,34599,0.00019613,ronin,,,,,17
0x1d76E8402cA0C0a6e077cB69AcF01D0E29c7EAc2,ManoZ,23415,170460,0.00019529,ronin,,,,,
0x7fC9DdbBBBB7a2527224135C9341B13F64a42Cb8,JEAN_BALAGAN,37737,79044,0.00019515,blast,,,,,
0x591AB391A51d68c70A8eA02565d9aB646022A6e0,Safadao,45722,27009,0.00019442,ronin,,,,,
0x93b920aA46C632c620f5DcBbC78cB636aF4CE614,rasxititel_zalupi,26563,5336,0.00019389,ronin,,28,,,
0xC1439a008ba2D8Dba8a7B6c2565cC00831e6555f,passionn,46677,20043,0.00019388,blast,,,,,
0x084e323E66B4DD02fFA119493220D3eCE21f096f,Solrack,22105,78899,0.00019345,ronin,,19,,,
0x0ab9658DCC359C58D6BAc118154B1Cd156E71AD0,kirillreal.eth,44092,35663,0.00019337,blast,,,,,
0x10bfE59aa321Fe2ee4FE7804f2e8833Fe3D9Cf79,Horionah,29820,126515,0.00019335,ronin,,,,,
0x51Ca3504b0B14DD24D5973F9d7D3a471e3f2351d,BioMANA,21498,179447,0.00019332,ronin,,,,,
0xdAdcccba191077882C1eA3c8c06f7B590f7327f1,Aizen,35715,22366,0.00019330,blast,,,,,7
0x92811c982c63d3aff70C6c7546a3f6bDE1D6d861,tann,32123,35079,0.00019319,blast,,15,,,
0x604344cfb8f28a5fE53B2BFb1015A8F71f93Aba7,Kryptowz,30724,120475,0.00019318,ronin,,,,,
0x0813290698e0fE46fbecA7974c598920c35D27FA,devPack,42275,0,0.00019287,blast,,,,1,
0x34B205087de6Ce5ea75e760D0788F34Eeb921602,Osnirzada,31994,111757,0.00019279,ronin,,,,,
0x1D6B29b15D6697d16D804533C38E0D3F5a777adA,PIVOVAR_BALAGAN,44321,33030,0.00019265,blast,,,,,
0x70eabab63A5f6f374c1A3950bd04bFf901485418,xx999,37006,12898,0.00019254,ronin,,,,,7
0xCCb467C1838076785Fc1b6DBc800DF5b33322949,Fufuu,45307,26277,0.00019236,ronin,,,,,
0xcA7Ea61d5Db82dab2feabb6577FFe062DC2ec4c2,Sandokan,32374,107028,0.00019138,ronin,,,,,
0x800928Df9a65AdbcF8407beb8cF494bA37b3D747,Nofakee_BALAGAN,36707,79299,0.00019130,blast,,,,,
0xF4b5FA14fec79B364b0E8e395F70eC40060132Cb,Kakuseysha,26654,142127,0.00019058,ronin,,,,,
0x90b08c97417fD38319D6Af5FF5D2a49baAe9d169,Zhen,40425,54042,0.00019033,ronin,,,,,
0x19F6481fd13Bb0FfC36C84169E4d1D61a2dF4B4F,хз,30854,29419,0.00019032,blast,,,,,9
0x88A11D65f1851cA1031C09E6785cbc7f5CDe6043,TGGLucas,46869,12749,0.00019017,ronin,,,,,
0xdBec1BBf3586ecc68D31A4Fb945876fCa3E51f8D,GammaKirya,43040,37098,0.00019015,blast,,,,,
0xFB840f52Bc6BDb3d01D9492c92050AA012411410,ZOVpenisa,32629,27303,0.00019012,blast,,,,,8
0xA90E2Ba4F4E97196d83d3653e71d276C8dD417B8,SAYIN,35889,81963,0.00018974,ronin,,,,,
0xb4Eb7610C445d25f616EDb02E8034C6FDd997CC9,90xGGG-AK,30106,118715,0.00018970,blast,,,,,
0x154e82f09Ea9e96510341Df9dF4b1aeaF19eE3bb,padrinh0MANA,21755,171117,0.00018923,ronin,,,,,
0x38Ef2eDa8045118a1193858A41a13566581B1128,Neto-KGeN,27577,133943,0.00018917,blast,,,,,
0xdE30271604B870C398D5747f3f600fF1b38eefd4,Rigovod,36453,76522,0.00018861,blast,,,,,
0x236B3a983ceeB6Bef036f7eC7aBAa142feee9E38,abobusik,45422,19336,0.00018856,blast,,,,,
0xE0C00B5789a51846e0145A5301e09de3Fd6d6b85,0xGrains,34090,91000,0.00018826,ronin,,,,,
0x8D47740Abb36cC3a253bB674261a1c8807ab43EE,nguyencaychay,41527,43588,0.00018823,ronin,,,,,
0x1fD544E84ACC640e9F9aD4ffB7bD8fA5843e97C3,fire0885,33304,95172,0.00018776,blast,,,,,
0x6b586032264574792A31F2f9c9cF3D1a709B9324,thebigrat,26150,73619,0.00018741,ronin,,,,,7
0x156AFc35f0be0F33747509FFDCB4e2e18C760642,DrunkenCrazy,31296,107388,0.00018741,ronin,,,,,
0xb0ff1c51dFd3330c09dEC9f31B9260E4844673BB,Bn2Tap,24649,149518,0.00018729,blast,,,,,
0x04E9e085e5c0490CECa09393873b2860883C3f1A,rhyolith,42216,37330,0.00018708,blast,,,,,
0x6Ee36E00F6e0a84e1FB1001524a4A7C0DBAc18CD,MEPOxJutinha,26578,136619,0.00018691,ronin,,,,,
0xeA643008F258c671E21b17F3413351Cc44FF57F5,NatHDKNTL,29606,24124,0.00018668,ronin,,,,2,
0xC87Db1A9222dBa3B32Ed4D2Dd75C7B0C40B94136,iNsummit,47929,200,0.00018662,blast,,,,,
0xE469B3891768203F11F2A5d3b8F387Ab6378F331,Captain,21274,169867,0.00018660,blast,,,,,
0xA3dD4Ba3313919F661C66ca3F5fCdE63CC2013DC,Dent0MANA,29952,114501,0.00018653,ronin,,,,,
0xb36a179ce4DE2b6896071171caA0DFbB1EeDCc96,Kulyoma,34796,83360,0.00018634,ronin,,,,,
0x14bd8197063d6CDB20ed34F34b1484DECD6C899d,神秘的橄榄,32831,95619,0.00018619,blast,,,,,
0x5BA11d263c132c84cA5B7C6ba13E8D68Ba798984,donsanchos.eth,43386,27908,0.00018588,blast,,,,,
0x429d39eC366756e18e15aC5b547E1f85A2D76C7b,226160.eth,43723,25348,0.00018563,blast,,,,,
0x13D6F0471BB23F1B0cD2BD4a1aC5cA366e0dCb49,lucifereum,40959,42874,0.00018558,blast,,,,,
0x85cA0E7Ac1b1191172F6DD37EbBb2D44823DEb66,RichardDuong,36611,70026,0.00018526,ronin,,,,,
0xccD6b8e11f1AbC13eFA7Ff0367d801BC53B98f77,largetuna.eth,47436,237,0.00018473,blast,,,,,
0x1683F3607BbE2ab985876E09fd1DF77DfaAe99d7,gbzinhu,44965,15885,0.00018467,ronin,,,,,
0xF7ccEC52415ec20F53F8282BeBB41f6663d5657d,神秘的Wilb,28212,122236,0.00018448,blast,,,,,
0x4Df0F0FdFEB603b6984C713a52369Ef474221426,folder,44904,15928,0.00018446,blast,,,,,
0x453AEB1074588053FB1964F3f01e495de683369E,ShanINFINITY,30591,40506,0.00018445,ronin,,,,,7
0x7C52f41D15279D74b7c1f7C8DE8685D0201F19F8,MANA_Ashborn,43113,27040,0.00018429,ronin,,,,,
0x8c25CceBBDD99b04E5b1a037e80a9EB1e076D099,Cineovun,36629,68292,0.00018427,ronin,,,,,
0xb4D502361a3c6f823EEb9A99Af09E110382206ee,raresaesth.eth,17310,43391,0.00018426,blast,,29,,,
0xB9E95651a78907fD5Bb8Bc37Fc5138669314ED93,64world,37528,62520,0.00018424,blast,,,,,
0x7f8Cd6A535072AC099623a879cF93cBdAA4F513d,Iswaak_CGR,37787,60352,0.00018392,blast,,,,,
0x685f93dB6f7800699cc8A1EB57804ad977d4Ff0D,Ravan,36465,68091,0.00018351,ronin,,,,,
0xF694416146456E214F214bD40b980205fAc30b4D,鸭子嘎嘎叫,47039,0,0.00018304,ronin,,,,,
0xE647D0a95C12103255D44D5c50a54f5DF1b4f98b,TGGTheLord,42382,29112,0.00018271,blast,,,,,
0x927861b4db3beCf2C2b4Bc6378bdA801fFF003b4,MANATTVStealDReam1,30816,102300,0.00018243,ronin,,,,,
0x304fB4636c228EE3Ea900D016fF140e4Dc18A535,PG_Jules,2484,282030,0.00018203,blast,,,,,
0xA5f2d7eb6d784b20a13584a75630a18CE214AA9B,YoeCrown,45985,4775,0.00018185,ronin,,,,,
0x9932dc2Ea7e58b59F8d698799e8Bd49e342edbe9,Bimo238,21607,88551,0.00018183,ronin,,14,,,
0x3347d6FCB1a1Bf4d74d9d288260ff37C2D248B52,ProfPanda,38059,55025,0.00018172,ronin,,,,,
0x6A53208583f8193727A653A03Ee20FB660400f4E,WBT-小虎虎,43281,20799,0.00018113,blast,,,,,
0x43E87517705962c34FD4e6D564195122e07B52Ed,TGGMangaRosa,28762,112878,0.00018090,ronin,,,,,
0x45fB87d47153Ef954bEFb6a35FE3Ec6f690Ef589,TGGRaphX,22910,149781,0.00018069,ronin,,,,,
0x846886a0342E0097C8C286eaFa4Beec10075C16A,asmodey_BALAGAN,45333,6867,0.00018060,blast,,,,,
0x62730213b73fbe8f3D4E04B5B00CE8c1dc02a710,DarylEths,43863,16068,0.00018050,blast,,,,,
0xA3e5f1e65d2FD6dfa2944c6A7b4a1d78ce63eA7e,hannakoo,36681,61011,0.00018002,ronin,,,,,
0x8d8490B7B2D07D7cB16F396d60EE57c26E9AE6BF,CarrotGG-KGeN,28073,115453,0.00017980,ronin,,,,,
0x03F2FdFD5C463b73997296B3FEbc0817275c6254,DarkinSouls,25954,128419,0.00017947,ronin,,,,,
0xE34Fde210b041d66142966a91D79f95e99F0C6cE,CN-caiaiwan,38259,49346,0.00017903,blast,,,,,
0x7B32162dd145693de791C97D5a55D752efabD3DF,Neezo,18263,176580,0.00017898,blast,,,,,
0x6c0A99E2e1ada0f5A5e66daD26f675D5846cC133,thuhien07,13388,206863,0.00017852,ronin,,,,,
0xa77399a05C7A776e84f48095Ec0f9acdbE473500,StateON,33437,78971,0.00017837,blast,,,,,
0x2AB3A392a40b56a3B5eA9ee75cb7bBb5a0EE52e7,HU-汉堡,45219,3131,0.00017787,blast,,,,,
0xEdd0756743DdF80b24c0e50238624c8Dec86Aa8B,DoVasco,24896,46873,0.00017780,ronin,,,,,9
0x78028017A5112Db7cf807BB25f2261E53c974010,terrirouMANA,40292,34360,0.00017778,ronin,,,,,
0x1973251c06ef5A5Ac1B2E3f7e5Fc71bF7A20e541,Doom_Drake,32896,81354,0.00017772,blast,,,,,
0xA22F2d94Fbc965148247D446c5999a96a930DCc8,CvC,37637,50258,0.00017717,ronin,,,,,
0x317a4963ADf02Ae26Bcf7A69d6AFF36C0494E023,Horus2k,29839,99368,0.00017684,ronin,,,,,
0xB3C7060D67f373E1878bd8daEE192ebbE7A797B5,90xGGG-brobz,44329,6969,0.00017675,blast,,,,,
0x96a6C95E790f223ceC2De75CB69d2558C5e55Ab5,IntexDniwe,34800,67528,0.00017668,ronin,,,,,
0xD9B4DCe0c2aC0E86294b50CFC8C8BB068Fa7C286,Slash-KGeN,28997,18569,0.00017646,ronin,,,,,9
0xD888C028A95FB1bDf7989423F745F461EB967FB2,RickGrimesdl,22989,142321,0.00017643,ronin,,,,,
0x4f2a34CEf3fB3dD20cB8ddAE299CDe01b3975207,huycuong7603,7581,600,0.00017635,ronin,,47,,,
0xf4Fa579389d92Efa92A6d4506208247E7a751373,Arual3x,31523,87735,0.00017628,ronin,,,,,
0xA9B112554dB3cdfB7777d85b10cBc975ffFB0dCe,MEPOxBUSTER,25480,68877,0.00017609,blast,,,,,6
0xa7A9a9b93d0F915FBaCa8A752b78795fFe7114ef,chubedan191,42631,16301,0.00017585,ronin,,,,,
0x0ACc5D6baA9c5A3db7aa6636a885B2c0ada3c9C8,BOBER,36372,55216,0.00017528,blast,,,,,
0xaD1a9E619208440Cb80b8D01751E308bCBA7b354,90xGGGMaja,27749,109990,0.00017520,ronin,,,,,
0xc3aa15d18b94351090Ce8E406248cB841EECA4A8,matchado,16147,98752,0.00017512,ronin,,,10,,
0xC81A5293A8209D3c7465194230edF79fAA31753B,CyberSwoosh,43353,10238,0.00017495,blast,,,,,
0x1139Ba89b96121ddD1e16662d04f6566c4908CF2,Kekek,32661,78200,0.00017488,blast,,,,,
0x2382AF696381B6D6853a061E83f8F22BA6dD9eEd,Zealotus,42560,15102,0.00017484,ronin,,,,,
0x43986DE0b38Cd60Ac8983fcF62ab4389D1d3C58d,JasnaPolis1,10206,220726,0.00017461,blast,,,,,
0x2Fc7Ad04a0E1e3E1C39b5CE2F0789976B9Ac7Fc1,brianbrom,27348,16504,0.00017459,blast,,,,,10
0xF5775872B911cB467e46aE1b12A798E4e7291080,yasuozxc,43660,7333,0.00017437,blast,,,,,
0x458E686c2A05Ce51e3F1e7D75C10191Ff96aE58a,PEPE_BALAGAN,35400,59865,0.00017433,blast,,,,,
0x05C398f901A4C6F784e18DDD4176E20c7cF9CF03,Lother,20520,154263,0.00017412,blast,,,,,
0x4B9E9D924Deb7ac65fFcAeB6Ab7c034e9794395d,danielillo0077,28930,33984,0.00017400,ronin,,,,,7
0xC855768628B3Aec65c1f0D423CBe42727e0B0ED4,cayngotv,28865,100702,0.00017386,ronin,,,,,
0x3CB01d9d7B0e04652c20822bb638587e3FAE3249,babylonialMANA,39850,30586,0.00017376,ronin,,,,,
0xABc650Ee4Eb7f81603e0FABd87Ae7382D2B979e3,神秘的米可,39528,32526,0.00017369,blast,,,,,
0x6edCf04aabA4949500b8aaFe93E2611A57A6BEF4,piauinaotempraia-KGeN,25699,120314,0.00017353,ronin,,,,,
0xCA0885CA0543926Bcb4de6Dd501DD4C90Cf607fA,Huskal,34635,62667,0.00017307,ronin,,,,,
0xc9639dB2B92c4C1B1796c2D16Fa624369B44288a,Misha_pro_3000,44446,20,0.00017296,blast,,,,,
0x279859a2EE1918777789Bf042a3a614dA0f5ed3b,Riyu-InfiniteLegion,8930,36887,0.00017261,ronin,,37,,,
0xef6A1351F06AEA6450931525F931f3BdC163775c,Lolan,37895,41152,0.00017261,blast,,,,,
0x6C6302413DBff11D39AC8C1E16F982aFD4a0eD5D,SP1DER,35288,57610,0.00017252,ronin,,,,,
0x9f93A279ea0B96dF43dadDE67845A693882CaF94,forsenboys.eth,33918,65588,0.00017206,blast,,,,,
0x43c7Bb86c24a662074287BD0eE604A0Ed6922166,Tioveto-KGeN,12583,200934,0.00017176,ronin,,,,,
0x958644c898AffC9D622294e76cc4903a235fEd4C,Rezanorelli,38941,33091,0.00017175,blast,,,,,
0x4ac9a97b3edb3f11b5ca91d8dE9468CF4882A7af,debuddha,22112,71490,0.00017128,blast,,,8,,
0x72D2BD01422f97689Ff856D69536d53bd76cC3BE,NLD_AKng489,37685,40150,0.00017118,ronin,,,,,
0x2A250C6A9bec252BB5f8525f5941ED3540cE195D,krky,38097,35852,0.00017015,blast,,,,,
0xf53EF044F4031469813853E0C8dBcECBb6Ec3804,AndyChups,14441,38566,0.00017015,ronin,,29,,,
0xf5Dcb67e80b83626F4EeBa77E55a7bcb993276AE,Corchi11,32409,14481,0.00016981,ronin,,,,,6
0xFa9D5d77C05d8D759921Cd7177ee1489FF199F6f,mither.eth,28509,96216,0.00016974,ronin,,,,,
0x9f4CbE6650Da3Bffe67292E8D0D6d741CF100D2f,Crylbq,42282,8284,0.00016959,blast,,,,,
0xf64416860e74091E180FE0319cdE479BA112A899,MemeOfficer,26045,111228,0.00016932,blast,,,,,
0xB61E32A82E645e217db41E52456167e67Beb1DC4,wadezxzol,39685,24112,0.00016916,blast,,,,,
0x22A116ce1e71a802f170257EF84e77690Cec3A91,神秘的didiwei,36964,41401,0.00016914,blast,,,,,
0xd16eadAb6a8Df337Ff38f16876266FaD1FCA98E5,barrage,40622,17975,0.00016905,ronin,,,,,
0x4343ADc598978322f16b04395E455174B25167d0,eerik-KGeN,19193,97124,0.00016889,blast,,,,,6
0x1B348258349cbDA6CADE1465E5c6c299438C1A14,TGGviniciusccm,6360,234947,0.00016834,ronin,,,,,
0xBb03Ad9623eB5c5F5e0B85E9ce137534b6B31137,BoredPizzaGuy,26314,107252,0.00016794,ronin,,,,,
0xBa8Dc197CF3E9ab546971c273fC287F8653A5e93,90xGGGTIGER,30777,78650,0.00016783,ronin,,,,,
0x4442c192ACFb1C6BB29Ac0f444998D41D9A2d1C2,AxelNicolas,29826,33322,0.00016759,ronin,,10,,,
0xd6997ea0cB3b03066C9322A4d8f28733Ae9938dc,donsol,23829,11850,0.00016748,ronin,,,13,,
0x035b0d8e115a4950800C5d2605f8Ac66211bafA1,sword,27617,97333,0.00016695,blast,,,,,
0x89bEA3D1468e70ffD673bd9cbC856e021e3EB3d0,HU暴富牛牛,25853,107811,0.00016649,ronin,,,,,
0xE19B147dCFb5FF62D673F37300DF3b7EF1B41cEb,ressa,36859,37694,0.00016646,blast,,,,,
0x1B3bFBC3872A1b33F768114a97D23270E59a8283,NavyNoLove,19300,54225,0.00016633,ronin,,,,,10
0xaCa1Dbc860597262AB0A1c543b4ba0A80C416b8E,Ichiiiro,40499,14259,0.00016630,blast,,,,,
0x31215730441c6a5Ef18437C356909a8A89F77190,Bara96,42545,1174,0.00016627,blast,,,,,
0x7598AbfAacCD7063E178510eE7296bD6De06bac9,krapstaunosi,26645,102334,0.00016622,blast,,,,,
0xf16A03E293dE51A183AAb211671D0442CB1Fa6eA,Zuag,33593,58055,0.00016620,blast,,,,,
0x567A35997d623A3c4dA4c39Cb529727994FA3147,Tensa1,40767,12244,0.00016611,ronin,,,,,
0xb6383007FB5C6F5e1D56A5C0dCF846C387A165C4,xVNZ,16119,169146,0.00016610,ronin,,,,,
0x92Ec57C719649c6e7E6d5c29870cfe741C845fff,Holve,23497,121434,0.00016565,blast,,,,,
0x62153E3eA50C26A3836f8A9604f7B4fD97d7FFf4,xabeex.eth,26881,99473,0.00016539,blast,,,,,
0xCDF2ED0Dddd23891Dd1a29c3AF58bDE0D1ae2B8E,WBT-战法,38235,27143,0.00016537,blast,,,,,
0xc456c0eEe122eDE39Bf7A31527876F832218DCC4,TGGStkWeb3,29939,79164,0.00016488,ronin,,,,,
0xcF4f683E7d442Ea81Ff36df03F0458635d86861a,Bonkos,32333,63736,0.00016477,blast,,,,,
0x6974B2548e3bb52862b41cFB08BA32467Eaa3AA9,Oliverxs-KGen,35825,40170,0.00016395,ronin,,,,,
0x9Fcc78EA225F3cE4151ed491A2860ce1F248DD5a,TungNuiMMO,14735,98279,0.00016387,ronin,,,,,8
0xa2f1E55035fA35e69216fDEa992A4877D6722C56,Gravi,23735,116793,0.00016374,blast,,,,,
0x62F46ab3EbEAACB939c68a3b14504987855CED61,RyanTranVN,28714,84842,0.00016358,ronin,,,,,
0x620059eAf4d4Fc588186be207c418485D73DA1c8,zgonik,4005,241530,0.00016320,ronin,,,,,
0x10ed9897C2E67BB53ddE0462A8BFBD7a798f2b20,ENSdsaiman,31613,65665,0.00016314,ronin,,,,,
0x181a385eC70c65f9dCd306BD13C0aAE9dce7CBF1,TGGShinylv,41437,2893,0.00016301,ronin,,,,,
0x6b96Ce879C69fC7b61220d78FaA09e735C4339Cc,temka.eth,8405,213206,0.00016301,blast,,,,,
0xf868c9bc47cbf18A39d7AbFB5e621AeB3DAd1166,MekL,29462,77949,0.00016228,blast,,,,,
0x3eC3D5B9D2751Ac50Ed7F06E634B4f62DA29E52E,D_Moraiz--KGeN,33861,49842,0.00016222,ronin,,,,,
0xAc165e78B4461eC8761fA9fF81fe98B6615e261e,Vovenych_BALAGAN,30122,73635,0.00016221,blast,,,,,
0xE0bA056789Bf5f5abD4C572800797A111eFA8BD9,ZeffHalo-MANA,16748,158331,0.00016193,blast,,,,,
0xc2B0b1ceda68E8a7b44b904812f88b3540FEaE9A,Merueem,39108,15964,0.00016193,ronin,,,,,
0xBe3baB3BE8bCAcd3B843eBb8414DBbE5Ce66F643,makcum937,39295,14773,0.00016193,blast,,,,,
0x125caa0be6fC3e449f80b0181BECCcd4eE769Be5,Farmer,27396,90509,0.00016192,ronin,,,,,
0x43362d50513dE8c16A7B18c1eD2C0D296a35e8Fa,Krisksks,26716,26825,0.00016190,ronin,,,8,,
0x5FcCC553C3e35004AF9AD0dD9c03851b780DA775,NREINR,39403,14007,0.00016188,ronin,,,,,
0x99E1a59344A63A07f92d6F9D55dbD665CC26F4d8,MultigladInfinity,31267,65384,0.00016162,ronin,,,,,
0x48407d3A818653B7CFAFbdD5A2398457542A3901,MrSpicy,20626,132174,0.00016104,ronin,,,,,
0xAce5510E1724625Ae7FFd31f71c97E1568af81B2,Matfalcao,30961,66104,0.00016087,ronin,,,,,
0xf44676f0d434993fB45399ef0C0e20a7F3480878,Capixaba,12311,47957,0.00016066,ronin,,10,,,9
0x69099FCD1aCEE9601372e434D514AD8A692be4B8,kimbokitten,32823,53522,0.00016043,ronin,,,,,
0x0ba6414Abf1B34b47f575DB76FEfbC5b9e57CBE2,despico16,29631,73653,0.00016031,blast,,,,,
0x7BCed3B1b5B61b9f1A7E29A0d5906cfD3076B36C,AtulA,30966,64946,0.00016019,ronin,,,,,
0x4239EA4a50891716D5D681148aBFC7470d4E654F,LavandaChan,26036,96211,0.00016011,ronin,,,,,
0xE7dc2Dd8f293d2F4b5CdE48926Cc9aE016A967C5,90xGGG-Maficien2,9833,198759,0.00015973,blast,,,,,
0xF3D2e6a2539353683E0a012dbb266779D1025AC1,donpotap.eth,17495,149804,0.00015963,blast,,,,,
0xD1E69f7167b2245D85b4E204D5368628b63B55d3,peps,27394,86547,0.00015949,ronin,,,,,
0x47719d90F6Ceb389e7174Ca1D2B66aAf5F422aDA,Vinao,34257,42574,0.00015932,ronin,,,,,
0xd3FcBd2e9B7e2f06E20FAEd1dc9470B8A1e7A30c,Player1,26689,90637,0.00015924,ronin,,,,,
0xE463F9cCF8449E75aDCb5091506e02395C9300D9,Saint22,36251,29651,0.00015918,ronin,,,,,
0x7B984Cb9276859a83682DB725968Aa46A27a9A36,Nesty,31303,61010,0.00015909,blast,,,,,
0x29C9124a760ba2cE0e9Dd05b1877bAE4653e7899,7w4f,19050,21620,0.00015902,ronin,,23,,,
0xfCF4d2956f60eF198C7F329e44C86B67436499eE,gen1x,34532,40105,0.00015888,ronin,,,,,
0xf7c3788b5C9024f8a4a2E07DB6D99ad35f457D91,WBT-二狗,26899,88232,0.00015859,blast,,,,,
0xA299f9922B3231E07426C331E7aAd5111aBdB087,Broxigar,33514,44191,0.00015742,ronin,,,,,
0x01dc4AeED54D8f1aAAEaA9F3025f5a22Ae60A550,tgg-aquino,32873,48137,0.00015733,ronin,,,,,
0x2969af02c8Aa0776F61d1183Ebd403da6BBef39D,stepaks,35127,33566,0.00015720,blast,,,,,
0x698A35753530e9A88D4dBc41ABC9553fb71328A6,sana1k1,27995,32103,0.00015692,blast,,,,1,
0xb7Dc4ec423f2cadB2f393A0A218A3b1AAB03e45A,chewbacca,31053,59040,0.00015691,blast,,,,,
0x575d470E309FEc508A5348Ec0854501f03894397,HallsMANA,32761,48156,0.00015691,ronin,,,,,
0x93716b3a0F95Bbf76d5BD2e86DEB7665432baBc3,JIXIAN,30324,63478,0.00015679,blast,,,,,
0xEac86331d713d9ceaca7914Fbe55C9a5426936Fb,Alexdan,36687,22869,0.00015673,blast,,,,,
0xe3Fb3bB30970c5DA0d15B42D32f07C7c32D26756,VELITA,38127,13591,0.00015666,ronin,,,,,
0xD23fdd2B48FfE4042E232e9BC6e54A2F27145d58,anotherjack,24612,98952,0.00015624,ronin,,,,,
0x83CCb1dC3B7bf6B7257798fa059d72CCFAA3C9Ab,dimansin24,22509,111914,0.00015598,blast,,,,,
0x757C22190a4c13a94136e9a605B54dC73A54f26b,Diserbante,39170,5314,0.00015566,blast,,,,,
0xF3c159b07Eac9d858cdA97185b2654b7119E0759,Blande,28486,73013,0.00015547,blast,,,,,
0x052D89CA687c5Ec649632Fd12954982c6B28f368,SkywalkerInfinity,15625,50338,0.00015546,ronin,,,,,11
0x87f33D0BBed84E2516735474D504E597a65D4920,Bibik,38763,7372,0.00015534,ronin,,,,,
0xAded982424bC2102b58E7129B4AfE1F5c7Ead217,HDNRodrigol,27184,80542,0.00015500,ronin,,,,,
0xC0Fd56b71b1a099ad0c847c28545Cc0f96C6288b,zBluE,38602,7660,0.00015489,ronin,,,,,
0xEF8Ac39D3F41D69329C94Ea64c37672950F29317,apollo17,34117,36186,0.00015487,ronin,,,,,
0x16C25E111680559E5d7129A91372c4512404E0D1,notdoppelyouz,31340,53820,0.00015484,ronin,,,,,
0xF96226EE9568ea9b948cb42C503720a30F675180,victorayres,38912,5482,0.00015476,ronin,,,,,
0xea62b78cE71AE5efA4F56Bf5f2a616E016f41B8f,90xGGGRamaGod,35911,24427,0.00015466,ronin,,,,,
0xDc0D618Bb42077dD09c3511867039B1D9F5Fc7C1,thaison,26782,31383,0.00015456,ronin,,10,,,
0x8924CE3DbF4c8c45828F1c50b5eb60Ec22d69B4C,rudgate1.eth,29189,66879,0.00015445,blast,,,,,
0x18AeaBa4a846F65c2FDC8c43DEBA1F51a514215a,bstrpz.eth,27634,76673,0.00015439,blast,,,,,
0xCADC31ac68EB357612C1483a2D6d9718335B4ffA,cholosavage,34515,32750,0.00015432,blast,,,,,
0x7eb343586A87688C545A7501c2aE869e917b0a64,Wa7ch,22214,110860,0.00015419,ronin,,,,,
0xDe44285B69B3B2291D813aCFf553b2E1A746d4f7,RAD,28053,73295,0.00015395,ronin,,,,,
0x6FA008071b51E8Dfb4Cc8205076A9E752429DF42,morph,33365,39281,0.00015384,blast,,,,,
0x895f4b7a29cCdE597fFB24C7e833FbC74C22FBF4,Nanave,18140,136183,0.00015381,ronin,,,,,
0xFe05192Ee1214FBf708Af62358Db6B6BB2b56d90,a5tror,32971,41675,0.00015377,ronin,,,,,
0x515e84B1c158C2b6df81ee718C50d58F983E1D0f,nemelindo,31342,51840,0.00015364,ronin,,,,,
0x1926f434aA810798892a120167A9b8A374992a3f,Bobmoris,17336,38772,0.00015349,ronin,,20,,,
0x519Ec2e97FACf186983D490D46A9A4524Aec086c,wbt-yy,24845,92742,0.00015336,ronin,,,,,
0x8635d5bE2A6af98ce461220A856510C85BBfB5Bd,iqbalravelino,35799,22957,0.00015333,ronin,,,,,
0x5f43DCeDf46ab06515483b16E9CbFF93913ed29c,reins,21776,35707,0.00015331,blast,,15,,,
0x5dB3F5C3900A563218a72449b845f17799445220,pau,35298,25667,0.00015304,ronin,,,,,
0x507B63912704f1841b706a175A950dD72A4Ed7dB,HCO_GJR,16524,68395,0.00015257,blast,,,,,8
0x8cDB483D3709486fB1c3De76C126dF0B2e907Ef5,khhfu,11019,123059,0.00015237,ronin,,11,,,
0x77181e46B3D7262c5012F5e3b65D60158d14DBb2,KvarRR,36201,18817,0.00015236,blast,,,,,
0x9080F46402d7d5A1C3Bb84adC8aa489d93bF5D3c,DanekGelik_ВALAGAN,29384,62130,0.00015231,blast,,,,,
0xb627109ea7aBA7F5d2b22EC49843dF2c001D5958,Sviche,33893,33102,0.00015211,blast,,,,,
0x9Ea5B5424Fd934A5F8F1080FEc42F0d09a5842a0,PYUK,36025,19490,0.00015209,blast,,,,,
0xC9D817F8a5Ca868aAC2CEDF1F84785ad1494888E,ducchan,32980,38443,0.00015183,ronin,,,,,
0xe56D0b03Eea2ff9e510eeedDd9bb64B11e15f979,kingming,34407,28595,0.00015136,blast,,,,,
0xf35EbE858983b1dd37e8faF6B5C370E6f475f7F3,Moraa,8590,14474,0.00015136,ronin,,35,,,
0xD1C101668a0984a22Eeb21B9366095843E0bEc1A,ReadyPlayerF,120,7031,0.00015125,ronin,,47,,,
0x76847307829d635C221f75A5bCB48A614DBD1548,RomanKarateka,11051,177046,0.00015120,ronin,,,,,
0xB55543928176784E440A960024dbAb6CA0f90495,TGGDeafiky,30664,51716,0.00015093,ronin,,,,,
0x5636a982171d0Bf8EE66D42e6487EfFc1Ff8DA58,WBT-lyaaai,28376,65880,0.00015068,blast,,,,,
0x665322c797E23700Ffe92E1D7295780692D3C7CE,Khairen,31478,46089,0.00015065,blast,,,,,
0x962A52B34dF2C4268ef1B7A57a90220E83299D64,khoroshun,33451,32680,0.00015014,blast,,,,,
0x2b63280ba863185DD17f9Ee468d393422d63de9C,Biankinha,7138,26403,0.00014988,ronin,,34,,,
0x8F9bf71837360f531a98D8C4da4c0962a6c1C0cA,WELD_ErroR,19533,120772,0.00014982,ronin,,,,,
0x330c6417f202faF4C39CEE71c8F911Be4cf607Ed,Jatot,22529,44164,0.00014951,ronin,,,,,6
0xEf7343767eA62167acEe57554c0136F91F04B49a,Kazuneee,32817,35044,0.00014911,blast,,,,,
0xdb9986bd0596B8a4873b09b4a10B81B13f2C9dDd,90xGGG-SacreD,27010,71357,0.00014871,blast,,,,,
0x6098c731f45D4725C6756f45590556746A9f718F,cotomaroto,27009,71277,0.00014866,ronin,,,,,
0x35f428418D209F7C5A0A40b0103a36fdc0900680,maybachov_BALAGAN,37345,5168,0.00014847,blast,,,,,
0xcbd3B99fa341e394DdF6A5a66621592C48286AA2,Windowsfly,34317,24244,0.00014835,ronin,,,,,
0x9d03BCd4cA2c5F118CB28e2DF59114F260b3aE8a,90xGGG-Sherl,17228,132950,0.00014829,blast,,,,,
0x7287479ae36D1eDb5FE873f81e08BF505ECC541f,99999,30942,45511,0.00014821,blast,,,,,
0xb1051dD6c6D7969f5EE8F5efAbDb3f07f186aDdB,vanh0003,21583,43831,0.00014817,ronin,,12,,,
0x4706F9C502734B4B25675Be09A23Cc32917271bB,parampam,34862,19961,0.00014785,blast,,,,,
0x310dbeBE76C43fdf85FEBb30Ba2859913C6dEDDF,Mrpampune,36626,8489,0.00014771,ronin,,,,,
0x4C8Bf8Cc0fC61F7794D7EfA5F481de8Cd36a9285,BackToLumbridge,20213,112666,0.00014751,blast,,,,,
0x0DC5367bA2013D8446dBAF5CbE36b5aC1Fd486e5,Blackoutx-KGeN,24756,83314,0.00014725,ronin,,,,,
0xcFE5A21dcF547E28d2bbA3886fa6e096c04f9284,lluckTT,32176,35775,0.00014707,ronin,,,,,
0x705B84a26970fe58f249Dc9039e7B1f9833a6529,WillbanTV-KGeN,23962,86862,0.00014633,ronin,,,,,
0x80375dD640D67918F348781fbd690ED234aE2a71,PK_AK97,37463,733,0.00014622,blast,,,,,
0x194b3496E9d2FfAe6AF332350d33Af8B21cA9b5d,ShoplifterTM,20327,109767,0.00014618,blast,,,,,
0x771FB181cAbb04E15f40971BbE86C76A29410f38,itsnotmst,33239,27441,0.00014611,ronin,,,,,
0x82cBD2a6b3075d88c663455bb7dAAcEC54205281,HadronDK,17979,124587,0.00014610,ronin,,,,,
0xCc514E91e88E661e9C364a14005295cc2F800411,DragonToMars,35228,14573,0.00014598,ronin,,,,,
0x6B4495CD8e09D500de4c7971504286313cfeEBf2,AngerIssues,34056,22016,0.00014597,ronin,,,,,
0x6CB792Ba54aA81Fd4E0Cc9C433814943Aa2B8CdF,Babai,31958,35169,0.00014585,blast,,,,,
0xe679f7f8A23a7E729353210E246136738757b3cB,kestiaska123,31186,39605,0.00014555,blast,,,,,
0x76d4A3D254B4F1A7D8492dAD3592A10884495E49,Rooj,22013,97988,0.00014554,ronin,,,,,
0xe4C4603e28b5C789e7e2600d0247368F6f05a99d,gbos,18710,72908,0.00014541,blast,,9,,,
0x2478612E992bfd0Ff72F265487e124Ee4F32A17e,Zoll01,28847,53207,0.00014477,blast,,,,,
0xF05AF3B56510af5C211336151405F947c3a5aD12,nghiangooo,29283,49937,0.00014446,ronin,,,,,
0x6b526aC749044bb5347c93245791742De4a736BB,nemizida.eth,28759,53151,0.00014439,ronin,,,,,
0xa58410160C3647DE253AD5AE0B2494Ee3C286622,yummie,34385,17285,0.00014436,blast,,,,,
0xFa890Fd3969f06DE71C9C5A20D46040A63205083,monsterra_BALAGAN,28500,54661,0.00014430,blast,,,,,
0x56a6E4B0032521eEf904b117283E9DB739383B03,beznal.eth,34083,19029,0.00014425,blast,,,,,
0x94d0626Af65AB7b3c6ac437eD3e6771F50442a78,HDN_Peagah,17056,127116,0.00014405,ronin,,,,,
0x1807113b63496DDf52cA9465A2C2bF341951b2f2,HCOhoney,13594,149110,0.00014403,blast,,,,,
0xd4e73D3985c55B422c02941633494D08406D044f,Xuylopan,29187,49615,0.00014389,blast,,,,,
0x9C98C54DD439C197aE51bC1e4d4076aC5027dB62,uspoch,25485,72989,0.00014377,blast,,,,,
0x06c4e85CF81752b34A968CF0f5a19969DfABf536,Rizzpectless,13485,62540,0.00014368,ronin,,17,,,
0x1f180f88e77298ECdd98047f3209Da8C3492FC86,Guerra,35224,10798,0.00014366,ronin,,,,,
0x7a4824F09A73f8B237cdEBA51c0A882f49df2140,Amato-KGeN,17963,53942,0.00014353,ronin,,,,,7
0x354Eca3759e809826f75092CF2908D96348A1EF2,TGGIsmY,32010,30940,0.00014347,ronin,,,,,
0xaB6962afF323d233f8e8A078Ca6621059c2a8EE9,3231333,22891,88938,0.00014343,blast,,,,,
0x3aC6eaE4a60552d8D042Fc053dA58813ae3e6Aa2,lambolim,29674,45610,0.00014334,blast,,,,,
0x90619fF7A5DE50eBbE20E374880263D19166C8c4,Suneaterr,19284,55121,0.00014301,ronin,,11,,,
0xEDf083917c7Aa91913Ec57C7EDFAc2F2cb713C88,Hatfil,23483,84087,0.00014277,ronin,,,,,
0xC045D78F9012938583baFe455DB74624b9a6063B,nhan2005,24083,13829,0.00014268,ronin,,13,,,
0xcF3E08a4898d568E31DFFcA2b523eabcB6FbCD10,CloudMaster,25570,70519,0.00014260,blast,,,,,
0xe233e1a4C981F23e33686BF35C285e5dB5895Fd1,MEPOxBENJJ,20373,103379,0.00014246,blast,,,,,
0xE705AaEC9453B0819d33FD7d50b839930D17b9Cd,TGGFABIO,22325,90660,0.00014228,ronin,,,,,
0x0ef2617A5FC6F0702D62e90f0AE7c396C46dee61,SJes,19614,107660,0.00014212,blast,,,,,
0x9bD650123f1Fa1de4E583A8AfD48bFAc201b4bA2,bylka,35651,5515,0.00014209,blast,,,,,
0x354ef8e52Fac6077E4fB6CFBca9aeABEf62D709E,CN-Vivianna,28629,50055,0.00014199,blast,,,,,
0x19dB46ADB5934a23864cB6350f2cfa548d58543E,knopka,31017,34776,0.00014195,ronin,,,,,
0x957A473f1aEC83D4BBE8315639d59b6fD07cBe92,Xaligum,27114,59547,0.00014190,ronin,,,,,
0x34b319C44cF7CD6e527C2D83E08116e98923B403,max,28313,51878,0.00014188,blast,,,,,
0x5C7629C2D2D2a21f3BBB0c7076243d9371440c35,HCOMurderin,35574,5310,0.00014167,blast,,,,,
0xFFA5De1Ca5417c194aCE18E98BdaeD30322Ea4BF,sfop_kas,30065,40362,0.00014166,blast,,,,,
0x36E0A478190352007b4ad9e5DAd942FcEac3EB86,Freitas_INFINITY,14048,46953,0.00014145,ronin,,,,,10
0x95D75a670736f0C6E1D8937d4b0741F4218082E6,seroy,36251,511,0.00014137,ronin,,,,,
0x47503D5900044d33817232ebfF86F3D6724b118C,1ui,21980,25012,0.00014133,blast,,13,,,
0x530FDB2ef160c15c9Ab5cCA697bA1224445686dd,IgnusDrunk,28396,49906,0.00014099,ronin,,,,,
0x7DaFC2E7F84f6A347490b2E726933D27A303DBA1,bfreds29,34589,10164,0.00014080,blast,,,,,
0x224AFd5f2d2CB00eb650E635d8A94d3f7DAbb1BE,shinet,24513,73513,0.00014031,ronin,,,,,
0x73A4996d92D81ccEeeCed3053E6f7B18511ceDC6,Loog,33202,17288,0.00013976,ronin,,,,,
0x7be136921BE2AAC6e70020bd2DF361d049041D59,tadala,32392,22365,0.00013971,ronin,,,,,
0x9C9133C7202c3043997245ae5adF6F65A1744177,Rs,32771,19585,0.00013949,ronin,,,,,
0x5A3b6887b2ccAf5AC6f3D30D380B33E8F6B65beF,Chubrick,27303,54359,0.00013946,blast,,,,,
0x72Ed029903cd77e72E4d9A1E9e4Fc6f42984B568,rndz1,27943,49957,0.00013926,ronin,,,,,
0xE75497CfA1BAAcd4c16223697fc338c0441D52D5,niuniu,34653,7158,0.00013922,blast,,,,,
0xD3Fb039C0018d79E688Fefa6A1Ecabc3f6356c38,NFAK4TE7,27665,51606,0.00013919,ronin,,,,,
0xf763B9F7a4C8539CeF9FD783b2A0fb237bf4d19B,Snegod,35527,1548,0.00013919,ronin,,,,,
0xd9a225c235BdCaA4F225fDe75C8c4efc06956cE6,90xGGGHiImWhite,23955,75017,0.00013906,ronin,,,,,
0x254184DB74956C489A536072cb8dFD1B3F7155F5,Anchoristt_BALAGAN,27582,51626,0.00013888,ronin,,,,,
0x8b9eA54E89F15Cd9B8a2Ba4c2aE07bEc937e9137,Madara,19871,100630,0.00013882,blast,,,,,
0x94e07e6aD4a44BfF7cCD866F19035E0680A0393e,zugMANA,26095,60987,0.00013881,blast,,,,,
0x3C082F5B2d22993515e593878F188bFE4dD4b785,Smookymargielaa,24264,72616,0.00013879,blast,,,,,
0x1278c7E1828f9E95e1bba964dAAF7dd8A44Be945,puf,32011,22798,0.00013849,ronin,,,,,
0x0B9f954416dCD955e2E1127fa8E39CaAAde297D2,brurifer,29397,39126,0.00013830,ronin,,,,,
0x66EFe74a47319648F512Edab8C2ac66C7Df810db,Marmar,32688,17822,0.00013809,ronin,,,,,
0x5EDA20640203AbA3575c3db0bD13FE525C902Db5,SacrasInfinity,23742,23470,0.00013790,ronin,,10,,,
0xD4E6B7126991DC60B0CFC33fb565666A01E12098,OwSoTe,17348,38706,0.00013763,blast,,,,,8
0x18F7Db9B7dFE9aC20bBD4fB88D536CaA37E5571b,WBT-GOLD,22515,81714,0.00013755,blast,,,,,
0x621a2a6ac129663Ee2c4bc6f19b6c196f9C47Af1,bykaralord.eth,11958,148855,0.00013750,ronin,,,,,
0xDA92029568EDE5031a97B10dCb3Ba01a7F281AF4,Kyron,15506,125804,0.00013722,ronin,,,,,
0xBe38B1b2248A07f2AcF3C79A976b6797AC883BCd,1999xc,21960,8625,0.00013719,ronin,,,,,8
0xeaAFde3bAA360a8271906bE79Aa1F404f4860f12,dimonachi.eth,28169,44948,0.00013708,blast,,,,,
0x43329e001Bbe946bb6D314b12C50397c14606DA5,THxTheJokeeR,15066,68290,0.00013671,ronin,,,7,,
0x763A98DAfaB308F70dD3544F88fdb9879987291d,BenjiPrice,25396,61841,0.00013661,ronin,,,,,
0x79E62d55977372B64BEEE9613151b2c58f8c1f8D,MANAFreya,29324,36657,0.00013651,ronin,,,,,
0x9494380C0968C56fA7654138C6a7Ed9EFC9390Ca,ikennedyMANA,30622,28258,0.00013643,ronin,,,,,
0x17Fdd93142dc3e1b9c5d9a13D2FB439a03667084,ShenGodRDG,27411,47953,0.00013597,ronin,,,,,
0x211B258DA5D96e4DC1112F98A5A1196D5d2cEc70,VenunTGG,24131,68594,0.00013582,ronin,,,,,
0x9879b0F714c16679E9eF913Ae0c199652dD71A78,potatow3,23376,73401,0.00013582,blast,,,,,
0x95F6880707C068Bfd7e5F3FD1CC52392Bf6b7c8A,Esma,7449,46435,0.00013528,ronin,,25,,,
0xa645aEF691946B9F742dce4A9cfDdA77F2105C0E,NOTI666Z,28744,38130,0.00013515,ronin,,,,,
0xC488c03Ccf3C6ba43b696475209Eb2e7965f457c,Rebelado,22955,8269,0.00013504,blast,,,,,7
0x5E0cC0DC9952199DeE4ccbe9B61393c54926B692,MEPOxTiags,23990,68212,0.00013504,ronin,,,,,
0xEDdB4809869bcd768004cc5F1F5a900e14aeEeE8,WBT-qianyi,34518,903,0.00013487,blast,,,,,
0x432cAf4e860aB9A50e1Af8DeECD6B58F82Ec761b,Dzhus,29652,31501,0.00013463,ronin,,,,,
0x7f24BE2FC1B02B1D1A1Ad39E43aB6025722a220A,Dopre,26248,53086,0.00013458,ronin,,,,,
0x5F9b9521a6903C157b84D926eBF5A87eb62B7209,ReiDosSoissMANA,29430,32168,0.00013418,ronin,,,,,
0xA86325Af13cCA92B34549c435Bc58C7d45610f7E,TGGCaiaoweb3,31925,16192,0.00013412,ronin,,,,,
0x55E980bF4c081c3CBBbf59CB4Bd557F1eed2D75f,Wiffleking,16877,111892,0.00013405,blast,,,,,
0x6EE41B6568A3d14355bF9353485D2eA976E28ce8,Jotazs2,24409,63646,0.00013388,ronin,,,,,
0xcDe91b5571D5599748Fc21769fa1a904D4fbD570,ViciadoemSerFeliz,27507,42745,0.00013316,ronin,,,,,
0xC972924922eDAB36D315d98C9aFAe6EDB5dc76e9,Bracinho,28587,35801,0.00013312,ronin,,,,,
0x9015BD6305Eb2FEd092b199499f8631b817536e8,biihasOMG,26531,48871,0.00013310,ronin,,,,,
0x8769FfaE2f834829E6986Ec1de6D4303d517BD15,Geralt,13967,24264,0.00013307,blast,,,,,11
0xFd0D7698706d659133678bECC430e62642447Fe0,Batmaniac,15416,43135,0.00013282,ronin,,,,,8
0x880a1B97f19CDE5dED10A1ddb886B8A0974684A7,iki,24029,13120,0.00013268,blast,,,6,,
0x15fD77b142F656493efeaC545931814c3418935f,Takeitforfree,23226,7710,0.00013249,blast,,12,,,
0xb57CEE5A66bfe12Ac817b50CBD6Aa8C0A8003429,АBOBA,19817,90580,0.00013247,blast,,,,,
0x295d16CdCe6F9F4cDFA66209C87462BcaD532dfb,D4rkK,17649,52464,0.00013191,ronin,,10,,,
0xFE0e4B9220B510d622e98B852068FbfFeA6F027a,WBT-5ha10u,26687,45732,0.00013179,blast,,,,,
0xDBf0C98664De80d97c40C8E4216153c5ADfA9B37,Bernas,16914,107826,0.00013171,ronin,,,,,
0xbc82f0E892003f4bB6573129bDDA8E72824F958A,LOGIC,30592,20555,0.00013160,ronin,,,,,
0x509AF086262391eEA26aFFdBEF90da6bb8076d69,Uz1pss,31682,13471,0.00013151,ronin,,,,,
0xbdf914B8cA3E56A100A25970b393e8E211cD9725,Nicreton,21258,79749,0.00013146,ronin,,,,,
0xf838579075d91d7Ceb3c02101222947F6034bE92,ale157,19864,88537,0.00013140,ronin,,,,,
0xe17937B35Fa685822A05d9e032621567577ac573,猎户,33744,0,0.00013130,ronin,,,,,
0x03dDa28AF69a9F16eeb86eC82941Cb70E95A431D,126,31841,12013,0.00013124,ronin,,,,,
0x73930f3322FFCa323E8465E65e86642eFf90D749,DIMASLFG,32747,6201,0.00013121,blast,,,,,
0x16db978f1613E8014D938C44DC4839ba5b91B751,zimtis99,20702,82689,0.00013109,blast,,,,,
0x514e7370D5B96e2615Fdf994e00DB78F40294617,MarcinhoTrincaCu,26917,42868,0.00013094,ronin,,,,,
0x3B6261f52fF527172493Fd80A62729590a7baf2e,JazzamRDG,31058,16156,0.00013073,ronin,,,,,
0x9E63df2B0a772f0f801224133f6ae46BB18572B8,EdwardxmrMANA,31356,14119,0.00013064,ronin,,,,,
0x98Cc07f83bb25d0a4265fA1A5ff0469B5aaFFE3b,KillerBee,27283,39671,0.00013041,blast,,,,,
0xa1B3A977E73F3a82dC42Cf4F6DdDBc7aeF182E72,mudinyinMANA,21249,77608,0.00013011,ronin,,,,,
0x4879fef4DE043b491238DD27D318dad170c2c375,hailrake123.eth,21646,74677,0.00012987,blast,,,,,
0x0dCC5A1bda72F178a980D1071B0021F7BB1c2D08,gedmas22,14844,117517,0.00012958,blast,,,,,
0x625C35Fa8f9A6620C1827C9e9Bee06C797D75Dc3,MEPOxBOYJABOL,16314,107934,0.00012944,blast,,,,,
0x1d9C869eE35d7090E1673E8fEb9F8eB8A6c3bc50,Cryptobetjonnirazdva,26294,44247,0.00012936,blast,,,,,
0xfaC192d44c89CD219Ad0475aa190BA1E7993651d,TR4_tsigalko,13675,124429,0.00012926,ronin,,,,,
0x79F385187bda268Cd5489078F0c5c05c1C346bB1,90xGGG_Kray,24426,55970,0.00012925,ronin,,,,,
0xcb326352b212BE4f865e539C48e1705D8d7E2B40,UberFear,24507,55403,0.00012922,ronin,,,,,
0x33EA3080B3A683255439791Bc9a7fFCF33086Af7,Vittao-KGeN,19500,87011,0.00012905,ronin,,,,,
0x7687a079f7bdC21Cdba2f9154837419a4168E9eB,lanoche,31483,10659,0.00012902,ronin,,,,,
0x618c948A64044DaF4daCe5D9D9e7F1155738FAa2,Truongtienle253,18733,30613,0.00012900,ronin,,12,,,
0x1F092736D56bCeEA35311f115F28309f65D636Ae,MEPOxBeefTapa,13543,124626,0.00012886,blast,,,,,
0xf8762A12929Cf08b526c99105C67590EFbb9c118,zykimyki,28083,32006,0.00012884,ronin,,,,,
0x9516b1e47dC3D99AB5cC80213e67558166dB8651,WEKETE,16891,102705,0.00012849,ronin,,,,,
0xD4C7a8356E700c094754D049F40a9151f123B982,PK_Obeeus,22869,64354,0.00012832,blast,,,,,
0x0ec7091D25eA356c02811B91AC2273734260fa16,cumenshik,32687,1500,0.00012811,blast,,,,,
0x234C408B4B16872Ff63D14B913a63eE477D1c04C,云顶沐七,17068,100773,0.00012800,blast,,,,,
0xddC05603442DA4a0A62c7B8F94382D6A08a239C3,Seemlesss,27312,35287,0.00012784,blast,,,,,
0x93Bd3237E6142F00a426ecB26f7686101Ce3EE93,henzo2555,21339,22068,0.00012769,ronin,,10,,,
0x50fD0F33886072C7801392fa59b35DE1eDE57E6C,WBT-何奈我,31018,11161,0.00012752,blast,,,,,
0x98dbebCA3f09d1F2bB274AD782E5756Ac0720105,MacDarko-KGeN,22126,67650,0.00012744,ronin,,,,,
0x12CD512d5DE6A6636ccbF5d917158f7615Fc612A,神秘的Chen,22773,63296,0.00012730,blast,,,,,
0xb992086d5F48748B7c712588547b6Db7648B538f,PK_SAIJAX2,31922,5000,0.00012727,blast,,,,,
0xaB9D631E78B2071bB3990A4B2508f17D1E5688E7,OmaruRDG,21117,73685,0.00012720,ronin,,,,,
0x3F529F80A42BFcDd1d75df6830ae64AE01795593,Z1nh0,28176,28632,0.00012714,ronin,,,,,
0x767Bab1A4bce23648D593B389F31D47496Ce0E89,90xp,21727,69304,0.00012690,blast,,,,,
0x7ed9f606b2738AE16e59B7B2b669C3EE31Ebd5Dc,WBT-KK,29356,20502,0.00012676,blast,,,,,
0x7a3AdaC194B5C45BEbB01f8749065753c92e04b3,Vanir,25770,43195,0.00012667,blast,,,,,
0x40B309BcF663787D2EdCe2E917dE739b734c9B3D,LordChakau,26774,36651,0.00012658,ronin,,,,,
0x65AAeC921A4b43dA2b6Df6872Be5c3E09fF12D9b,Catzilla,21952,67187,0.00012648,blast,,,,,
0x631f26cf3a49A9838F22F2731ce3374d94399f70,DCSVN,16034,104836,0.00012646,ronin,,,,,
0x428F02F9f5Dd30a6641b38bef57b1D945557A26a,Cberry,28373,26145,0.00012638,blast,,,,,
0xf0B4d63840E09FD03b4ab4e703e9B6Ae7Ec68bDc,WBT-邦,28567,24802,0.00012632,blast,,,,,
0xB060B0b7b450753766bAD0a746115a291d85E1B1,dibug.eth,19233,84158,0.00012627,blast,,,,,
0x1B56a277D9567a30A8d112b86571278B3A5a6d91,HDN_Luimox,31257,7565,0.00012625,ronin,,,,,
0xf47761E018cF082e35764934B976c173766Cb502,CN-XLUU,31207,7696,0.00012614,blast,,,,,
0x56CbC3fca035d3CF9CF60479E3F39b5e6dB98BfE,somi,13087,56651,0.00012606,ronin,,13,,,
0x0FC0c95816fb7A3FDEb45C0d22Ad3E1d14fb9dA9,90xGGG-KapJRM,25838,40649,0.00012538,blast,,,,,
0x6a64829c191C58881b9C63945C62BbB133091802,skuf,26985,33202,0.00012529,blast,,,,,
0x0567A36823652a4234d13007Ee2F8f445e95CB2b,Lamph,26535,35930,0.00012521,ronin,,,,,
0xdd09BB193e9af2802865cca67522D8315130875b,Valhalla3247,27470,29546,0.00012495,blast,,,,,
0x297ae859fBa0F81c58711716a8A985870413E2cF,koomar,17434,16741,0.00012481,blast,,,9,,
0x2223A8ab61f0b5FaaB1077a701c2fE319556345B,Frenkie,31194,5487,0.00012473,ronin,,,,,
0xe5Ac935B02FEdB364d306beC0ff74fB26231404b,AMiTuoFo,23971,51239,0.00012459,ronin,,,,,
0xb4645587d809a43337C705f498CF5F46dc1176CB,LastHit,25785,39353,0.00012438,ronin,,,,,
0x4dd3D27BCBEB35f325dD6f9D970A704FFdE33c52,Frugoli,15063,51460,0.00012435,ronin,,11,,,
0xcf0819eB03f933fa90183b6a474D8c734041EDE2,cikizan,2400,188133,0.00012432,ronin,,,,,
0x8ece96F3f71A712B55bfDe5b539a9c35DCEa37c6,SrCrypto-KGeN,27830,26111,0.00012425,ronin,,,,,
0xc8ec8B933010Ee0A4817d68C8e889074b86EdE55,Unico5,28519,21590,0.00012417,ronin,,,,,
0xA7C0080E840f40DFD4972c88753d004DAADB3cd9,Yinexty,24677,45782,0.00012400,ronin,,,,,
0x8732B487b6e233fB09E7053a2F8DDf37912Fafa3,90xGGGNefeliCHU,22011,62578,0.00012389,ronin,,,,,
0x6fB2574FFa05BFf828c32515Ba5f4A0Cb9894C9B,ethankjx,24832,44481,0.00012381,blast,,,,,
0x4a15749DF67f8C4A66Bdd4234Dec02264038C555,WBT-奈我何,30023,11326,0.00012375,blast,,,,,
0xb4059F81f673fb9A28Ed43dFd05A13bb4CeD1456,EluSz,21923,62873,0.00012373,ronin,,,,,
0x5E7C6d91942810320FFF4517D6C12bCdec0D9dc7,Aldhei,28245,22396,0.00012359,ronin,,,,,
0xf48E481439292dFa083EEaC613266195a7B1cb70,Poussin,22369,59681,0.00012352,ronin,,,,,
0x4196f656574b411cd80b21Db0F976B884504dE1e,Hyouza,27477,27126,0.00012350,ronin,,,,,
0x0a6dd1b9797EDC9A93847B460470c1fa3F4eECbF,Anony18,25325,40700,0.00012342,ronin,,,,,
0xFfb802D05a146cc2Bec2701E7772A329173Fa443,Zammar,12465,54343,0.00012326,blast,,,8,,
0x4a4CAB5C8fD2d17FB97DDcA98717819d0551C571,Chacal,25542,39034,0.00012324,ronin,,,,,
0xc4edc23aBA1394931E0cD5caf5D467036301eA6a,Lektricar,16841,94359,0.00012320,ronin,,,,,
0xF3b33a1324fEC90117F95CBD20939D25FEaFBCf3,Ipin,28605,19430,0.00012318,ronin,,,,,
0xc28be3B8EC71349d56ed9304af1b92dbD19B5959,csandor.eth,28873,17264,0.00012290,blast,,,,,
0xFb6a80D8635869ed1A2437f6810B3b8CB74E539c,Uggla,26289,32652,0.00012225,ronin,,,,,
0xDb7dEd0eC4eCfbD172D011b77145DeD5b854406D,MartinPrince,20102,71914,0.00012217,ronin,,,,,
0xAA5b9275F091204830BDFA67130a5C660dD8ae04,ebalhapal228Z,30387,6423,0.00012217,blast,,,,,
0x7835009082655DDfEA2C0E5894c794D8Bf21eC80,BMDLkG,30910,2947,0.00012208,blast,,,,,
0x52a212f39DBc49A6741bcBD1FbCa5577E047CEf9,kirytoMANA,29361,12710,0.00012202,ronin,,,,,
0x9f438d9D757D4Aa4A34826780fBb02bB0E6E0512,babadzaki,24993,40190,0.00012181,blast,,,,,
0x3705520B5112c81e9d9c803973DAd709Ef5E3bF5,hh,31235,215,0.00012167,blast,,,,,
0x0a4bc55f7b325D3454Bad9fC152B5c7D9b8963B9,Emperor,25460,36767,0.00012154,ronin,,,,,
0xF3b5b36D555a7Bf087e6f133341257d29a8a8f21,Koh1111,20680,66777,0.00012128,ronin,,,,,
0xde778C034E96cCFCD0fCf5a5Bebf1f71daE07AaC,Groundhog,28263,18306,0.00012116,blast,,,,,
0x21CA21344486E47f50030b11e967Fb4b4AC7623d,WmRJ,23530,48183,0.00012101,ronin,,,,,
0x3f176F5E900838B77F44ba19afbC4cD5581Bb75B,KickaGG,27188,24623,0.00012084,ronin,,,,,
0xecE2D60Ad4e6A376F12C6dcD0A17c4B5A0065A43,namvu,29116,12164,0.00012073,ronin,,,,,
0x47B361c71337ACC38FbD464306dac3614a5019A1,agonia,26335,29644,0.00012059,blast,,,,,
0x1E3B410E4D3389f3aF3116fc0569309F15376b1E,BlackHybrid,9837,134644,0.00012057,ronin,,,,,
0x5d8fD770e057C9bEf03a95974EdA9C09c12eCbC8,Orni,21186,62110,0.00012040,blast,,,,,
0x4BA6A08dda94e1cDB3E97C1190546df5Ae5C823d,sasuke,21805,57903,0.00012023,ronin,,,,,
0xb7754d75CeF98f07Eb9Cce7996Fb0c00b51b25c5,Light-KGeN,26621,27198,0.00012021,ronin,,,,,
0x0bfDdD733c2b8A623c5ea9891Ec9A58BFfbC0521,xryxryethdayni,24693,39182,0.00012003,blast,,,,,
0x66Bd0DAb1bEEeC3e67b5BED70B327Ea63F1ABa95,hryasya.eth,29925,5652,0.00011990,blast,,,,,
0xB66d7f1E0078Bf21F48bBBaeE51cb163fE6b3068,Aquilees-KGeN,24727,38592,0.00011980,ronin,,,,,
0x2b48c82d009a686e28db0aE7AB3B421BB4E85288,Dimeovni,19105,74329,0.00011977,ronin,,,,,
0x61f9DA3A4eDd64c4a83f6e6Aa46ac013FdeBa0cF,Hellohellow,21915,56246,0.00011965,ronin,,,,,
0xd3491439251010EB0AA8415D550e7728B240BF26,Krad,8013,144758,0.00011965,ronin,,,,,
0xf7EAD54601449a9C38E9c05EDDcD2CD07CbcBA3F,sepi,21326,59864,0.00011957,blast,,,,,
0x3Ea350208C2329938faf659ba3Ec1Ea0E75A8a83,hashrush,29288,8998,0.00011946,ronin,,,,,
0x33B43f6343e1255353F679645695d887F4367ca3,jerock,24686,38037,0.00011930,ronin,,,,,
0xae20011DF1188b008fd57Eb04BFd2655Ba4BC6Ff,poproboval.eth,25395,33434,0.00011925,blast,,,,,
0xc04e2fD8ABE03c5A421e278BB68Bee72d2DA2222,rozi,24972,36058,0.00011921,blast,,,,,
0xf56769e42c3560bFA956Fd8A707b96b5Da8A1B55,itsmeyen,27144,22163,0.00011917,ronin,,,,,
0xe7EF7C355715c25B7bb333EE8D930AE7E357938d,THD,16983,29323,0.00011886,ronin,,,,,6
0xc467fDC4d07d020Cd80D6176Dd9e428D67108010,WBT-小眼,28917,10144,0.00011872,blast,,,,,
0x4AD908c05139d3C4e349Da3627DFa31A9Faca05b,神秘的M,14327,102894,0.00011863,blast,,,,,
0x17922E73AA104be17694eD313CC985877f0a264a,Jorgitoh,21087,59763,0.00011858,ronin,,,,,
0xdeB8F100ce328ffeF14FEaB5093BF58B27B13861,WBT-我吃过很多面还是宁夏面最好吃,28665,11198,0.00011838,blast,,,,,
0x271E75788D75A8C3094fa2432C01Fe318Cb070cc,Pce,20187,65091,0.00011833,blast,,,,,
0x124d227cf7671965ee976bfd11C901c477ecE234,Nicofeine,21039,59658,0.00011833,ronin,,,,,
0x8BBD2620Ca41Db66D60A4DE4b94495169814928b,90xGGGChieeQT,23385,44594,0.00011825,ronin,,,,,
0x626a39A694aCde0a62405D52b1ff0aF40aA91C7c,Kumarradhe01,24189,39333,0.00011816,ronin,,,,,
0x235BEDF371E283D1D212A21Ac209D707A9cb48Fa,Escapeex,14866,98596,0.00011810,blast,,,,,
0x6F50996281A82f35d779EFa39c925a1039420c07,Mirror,24934,34251,0.00011796,ronin,,,,,
0x4f9196c6b318DE0D067101087dCd730e1f96D021,AxieGoku,27249,19323,0.00011784,ronin,,,,,
0x9635F839bA6EFe014764c096176ABfEFf1707563,Smirnokk,24304,37882,0.00011772,blast,,,,,
0x6A30fE81276419F20c7A11289dA21897b1cA29cD,flamingo,23234,44335,0.00011750,blast,,,,,
0xa0c82f268409D9cdDA1077C687c93889e528E517,Muchachos,19478,10991,0.00011736,blast,,,,,6
0xb054249C585FB832e7604492Ef977af12c496C5C,Hierophant,15852,91005,0.00011730,blast,,,,,
0x4AD1fDA4a7c188d0ba77aceA9aF65DbAb6fEaE70,DidelG,16612,86127,0.00011728,ronin,,,,,
0x494BF026ff9D2bFb4320392ED14b77024E60a095,肉丸,14919,96621,0.00011710,ronin,,,,,
0x30f2aF6466546C2130e6Bd65CdA75c8b7f12dDab,PaulinFreeZeR,6703,25353,0.00011709,ronin,,,,,13
0x6C544F2E56bd2B1Dd8559C2Db4828629850DE820,90xGGG-Ronzi,22318,49427,0.00011705,ronin,,,,,
0x1844C714F75402De3B2b8109246812932e6a2a04,Hesty,26992,19049,0.00011667,blast,,,,,
0x0B916B820dD5bCBe5d892F9E81EF2Ec9481B296a,taind1410,21671,52880,0.00011664,ronin,,,,,
0xed23389a1f3D6498E9a0AeF61b7E472a1a6AD438,AoAo,18353,73685,0.00011645,ronin,,,,,
0x88D2D63d01Afa05b805e548A44781f8cE4fc82f0,Paprika,28218,10775,0.00011639,ronin,,,,,
0xb9dE4F25c2DAF9c379ad2C730C3F37399598DaB7,Le_Chat_Noir,8272,137759,0.00011638,ronin,,,,,
0xadFe5a6d9555123aAEEECff0F51D4CbD2D5e087E,BSOPMANA,23278,42162,0.00011635,ronin,,,,,
0xfc5a8a1304Caf1b2adD4d7BbDd523a65dda91025,shooler.eth,29167,4540,0.00011627,blast,,,,,
0x96600606F568b0Be928751Adac3373912b5bf902,marselkh,26516,21339,0.00011622,blast,,,,,
0x0f0A47a77B16205D01d9D7BA22E3Eef172F7A0F7,TGGPedryn,21475,53376,0.00011618,ronin,,,,,
0xC5f6F2D8bDc59CA533C507fb7CB54Ad9C56B4060,Dori,24919,31190,0.00011603,ronin,,,,,
0x5De1A91ecA5E581afeD63286B6B52A9A9d084Cc3,90xGGG-Cleavage,23563,39806,0.00011602,ronin,,,,,
0xA7b494c569B7c4AF00bCd815Ba53b103646DcC0a,RoyalFox,18470,71915,0.00011582,blast,,,,,
0xB5a355a470273dB94e1d6662a37A9A6350ABB64D,Togabito,12136,112216,0.00011580,blast,,,,,
0xC5C18Dd01De19da90E428Ce3951D3d163D60e001,samael.eth,17410,27485,0.00011571,blast,,10,,,
0x9CE4F57bC6420Ac944696A1087a1A7931c0969Bf,Margin,28242,9405,0.00011564,ronin,,,,,
0x443AEE85Ad0E1762A586B63C231b8dA6A812D6De,SNGKukushu,14942,93977,0.00011558,ronin,,,,,
0x01516C69c81Caf703628b441B34d124c6C0B51f0,Mattos,15544,89399,0.00011512,ronin,,,,,
0xDd208aBFA2f84C98b8d73da5EF00245C2F554C79,leizi,26526,19112,0.00011490,blast,,,,,
0x1A15096870033737E00ceB2903523Bd98360E3A0,DiceDice,10275,17700,0.00011470,ronin,,,,,11
0xE01a9EcAbd25c77f12c2545F331cE919Ea54fc20,egormcobakaster,26044,21498,0.00011448,blast,,,,,
0x35ee51f8C901cE6fC08c95e22Df8166098153B18,brownrice,15919,85390,0.00011413,ronin,,,,,
0x1894A5B3527589Ac55976cbbcDb568bA2A3582eF,austinwhite_RON,22848,40818,0.00011385,ronin,,,,,
0xCB2edA1c529d0c6eecAe29736E99BAe7055d0F5b,Mortira,21806,47119,0.00011365,blast,,,,,
0x1dF91711d3Ff0CcA30e1fd75A101b9e4f514efd8,keanu,25812,21430,0.00011354,blast,,,,,
0x8cf4DEAf106Ca760C709d34dff7B3A2238A84CdC,fryhsnft-MEGA,12449,19645,0.00011343,ronin,,17,,,
0x72d895eE523f983a6E91bc61267825c72dAcda9d,MEPOxHenreich,15868,84447,0.00011336,ronin,,,,,
0x36d57818b5E6754Df0E0fA7225bB1001d6E1A259,anmain3.eth,24342,30464,0.00011334,blast,,,,,
0x3a1642175431BE4a4A9C8a6bb5b84eE146EC29EF,co9lok,13121,33555,0.00011311,ronin,,,8,,
0xC2bB7b27C560F0a14b344acc396F3feD8D6B13e5,yadendimama,27853,7348,0.00011287,blast,,,,,
0x4c3eA59aedfa41840536E65E6fA18768b0Bd6A75,qw3l,26115,18387,0.00011286,blast,,,,,
0x7876658D362F18907f33b16B5dbb28B795E844D2,SyNho1,27213,10937,0.00011257,ronin,,,,,
0x2Cb6870Bcf4C76Ba6dAEc47b03F8281BE859384F,BennyDominator,27809,7109,0.00011255,blast,,,,,
0x9E3EADea3b97fdF33f35dFf940A164eBC121EcE5,TGGabsolut,15701,83954,0.00011240,ronin,,,,,
0x87179b3D37BEf22310bb58a1Ad5c099788c3300e,whitearmorrr,20356,54297,0.00011239,blast,,,,,
0x63610d4C6063f1932B1877B45E69078DF58B8Bf2,Henrique157,26651,14164,0.00011236,blast,,,,,
0xb9607CCC5fE4441d3A54aF743eC5979C33f2b592,christophercrypto.eth,18221,67395,0.00011209,blast,,,,,
0xB3cA34E0166c04E012FCA6342FC6dEb3C191AFa9,waschen,28351,2671,0.00011195,blast,,,,,
0x9034F65bB54de446748aE0F2Ccb300D1b0D2E603,pedroppaf,19879,56555,0.00011192,ronin,,,,,
0x1Cf27E1D554ED191Ce4ca637814F5d37f16150B5,mar1k,23161,35629,0.00011190,blast,,,,,
0xb4a190673c040173F931b88571F6E401488aa6F7,ben18,20077,55233,0.00011188,blast,,,,,
0xAe22124B85885c43d3164299F4D68779a5E46223,ЛенаГоловач,12596,9931,0.00011182,blast,,,,2,
0x4AF610ce1f9DE395067C6f4e124Ac7285522FEd6,michelle,13847,94799,0.00011182,ronin,,,,,
0x0a2660bbf65F7A3041E120C1f87B14060cD12337,Jda,14574,18614,0.00011172,blast,,14,,,
0x91921187D4eeAB9CE2db8277Dce444Bd64bA1c39,b7ndMANA,23016,35801,0.00011144,ronin,,,,,
0xCA240Ec152efF0E91EE4c3bdB00d32D7bCD295Ce,Carrot,27826,5007,0.00011134,ronin,,,,,
0x7d19ff2dFB44986cB1fbb754B1401a7dc26c4E69,Kayser-KGen,25611,19088,0.00011132,ronin,,,,,
0x38B07700132c1dE1db852B262885D20689A79cc3,Vnxoi,22370,39611,0.00011125,ronin,,,,,
0x01FE3dD406F1b5f472451d9Ca1626b5413F9dC2A,Uncletom24,16375,77726,0.00011122,blast,,,,,
0x76558dE333E2dF93bB8C3976c64FC5F60A64Ba48,jhonatan123,24425,26234,0.00011107,ronin,,,,,
0x81613d70CfA71562c484ec8533128633a6d46b8F,Cabecinha-KGeN,23369,32916,0.00011105,ronin,,,,,
0xFC258d27045A512f607926B0F62cB0feCCD95C1d,Bzone,16853,74007,0.00011081,ronin,,,,,
0x9D2AfF9e1e94b6D86a874317f8Ce42D3f15b02f8,WBT-林俊杰,23119,34088,0.00011079,blast,,,,,
0x8B7D7525Fa9d79cA307a0831e6afc663EC3221e0,yana,23888,28983,0.00011067,blast,,,,,
0x1683f5AeF55243f72887090860230c06b81eB598,sugzoro,12209,103226,0.00011059,ronin,,,,,
0x3e6EEC7992011297e8e05A2a0b58046f209B08ec,moonlitmelody.eth,22802,35697,0.00011054,blast,,,,,
0xCdf0C70048D687ee6Db676539d56302124f4C976,TGGBeafiky,14492,88257,0.00011033,ronin,,,,,
0x751295aDcE93dFc32BCFAbEC561209f08194cA96,keito,24179,25730,0.00010981,ronin,,,,,
0xEb9E640c2576D8027c8Ee6b6fC333aeb46f59192,lian,19958,52602,0.00010981,ronin,,,,,
0xd63401829bEdE19622c7a766658bf844144299cc,Shipper,24909,20828,0.00010965,ronin,,,,,
0xA023D42Ee72aE7F30bE528850d90CcaEB2BFF24A,krisjulio,19578,54457,0.00010946,ronin,,,,,
0x90a6Edab71eE4195Baf4031FE94F2B115B72e31b,Poplicola,6342,6069,0.00010942,blast,,26,,,
0x3118AbeC1C146752Ad97faEDeF16025a08FDb196,yaderniy_xuesos_2005,21388,42738,0.00010934,blast,,,,,
0x388b19c00252E0D09FF2C1cA9546D79aa770a9b7,AGGsharagun,21233,42813,0.00010879,ronin,,,,,
0x757fc674be75d0FC0c34e9D4E67492d32380673d,danil140.eth,20455,47762,0.00010878,blast,,,,,
0xc2171454b2dEF8AcC3411B7E0F6419044B118A29,Vikingr,17135,68867,0.00010876,blast,,,,,
0x00CF344Aff3C03F1796e34062b0093905EbBaDB9,эээкэкэльмжэндж,27897,301,0.00010874,blast,,,,,
0x8910b40a602DaD11f57396899E90A2a0A5957401,nh68,14077,88119,0.00010863,ronin,,,,,
0x8B6bD25A09c638551B88D8f1701bBA7C01E1fA77,BatistaMANA,16230,23385,0.00010861,ronin,,10,,,
0xd974D7c0518Df1925c115952F8B7410d1a002449,Unbee,22329,35452,0.00010855,ronin,,,,,
0x9501e7090d6213E4BD74d6cb1fcFf0D0E4Be6E32,Saaiik,26890,6055,0.00010833,ronin,,,,,
0xff1F97C90697906dE9303D585ef3efC22C0d507c,therlingvvincrypto,23051,30485,0.00010833,ronin,,,,,
0x0EdB49Db673267a47De9CE25d2cDE42a995447B3,Scarrot,24569,20780,0.00010830,ronin,,,,,
0x0f6c74D8E2ab6eC684AC420F14D46c8e29BC0FC1,adamg,20817,44658,0.00010830,ronin,,,,,
0xb42E9875e519FaDFfD946a36f4127F556C74862A,RiconPerejon,25609,14130,0.00010828,ronin,,,,,
0x0665fF45B1DaA6cC935Bff36e26Bf05AA463b414,Chads,11602,102904,0.00010804,blast,,,,,
0x957f53B066CFdBf9F32bD69d9779E5632c671c8D,timofajaa,25739,12272,0.00010765,blast,,,,,
0x74A4C6987b3DcdEB4A2E3772f6c251769D82bd2E,FLOKY,23507,26472,0.00010765,blast,,,,,
0xC595014F6fE8FC1719d32a6027F98be08F18E937,HDN_fckSKY,23857,24104,0.00010756,ronin,,,,,
0x83F0B46e9C8911D78194eD90B186B4d0eFEB26dc,CN-牛油果,21352,40048,0.00010756,blast,,,,,
0xd875686C68996E2114E7f378b2f815A46beBb6Fa,wtfpipl.eth,17532,63742,0.00010718,ronin,,,,,
0x5906Fc4C62AA91701edF6ffa188c903bDDb5FE08,Murilo02,22022,35139,0.00010717,ronin,,,,,
0x02856faDF19fDd7049a981885a575D962135Fa8b,TR4_aoztari,23829,23527,0.00010710,ronin,,,,,
0x0F0a3EB9D694af264834F3319091754062E89Bd4,豪猪嗷嗷叫,27482,0,0.00010694,blast,,,,,
0x326702796A3537a94a59E92ec8c014e9C2FE927F,TGGHegress,9088,116563,0.00010660,ronin,,,,,
0x8EF4617775cfE098132f04B751A934C51fB45E70,whooey,7525,125817,0.00010617,ronin,,,,,
0x1e0Ff0DF5d912B7D58AA602405750b4Cd70F45b3,pinya,15121,77450,0.00010617,ronin,,,,,
0xdA314CbFD0C0D9Ab0c0Dc98B18471228f0369988,LionSoul007,15473,74979,0.00010603,ronin,,,,,
0x2d4b24C18180D324D2B13dA26b2c86760C3739fe,ludik_TertuhCrypto_Balagan,23094,26085,0.00010580,blast,,,,,
0xb3febe45AA12F33adC267B78c90E76a654f0ddba,PKiNG,25050,13516,0.00010573,ronin,,,,,
0x3970DA6bcCa96174D8D8db7F12eFee37E1664da7,Tasteee,13005,89865,0.00010553,blast,,,,,
0x00f158BE7b5F88da1f654C0CF809635B48C75D13,anhnguyen94,14922,77394,0.00010536,ronin,,,,,
0xcE4b846aa893b0F259D59A5C914074c1125F0B57,0xfame,23204,24651,0.00010536,blast,,,,,
0xf87d00a3b6073DaD1000f85f5B0E43920D4896be,Hiko,7832,122260,0.00010520,ronin,,,,,
0xbd1d2409867A96820e5dAd93457507B90058974a,JustReley,14571,79247,0.00010513,ronin,,,,,
0x69Adff53a48322B3dE8973aDB6d109504112A2Ec,OPingu,16864,64582,0.00010509,ronin,,,,,
0x91F17a98b919527550BbDb86D1f95d24e20E6c35,SuNcOasTINFINITY,16813,64758,0.00010500,ronin,,,,,
0x57d8b2F398e60FbA48aBa79369245a1F85B50242,TGGSacarolhas,19224,48690,0.00010456,ronin,,,,,
0x3458e305Edd27d942a81985BB2D0B76C1C3bB6Bf,Teddy,12836,23038,0.00010454,ronin,,13,,,
0xe00aA3A847be653116bDE348f2ecE3ceB633f090,InspecTorJack,22355,28338,0.00010431,ronin,,,,,
0x26Ca355F507C22efD1bf427195998Ca895a61190,gain,12068,93808,0.00010429,blast,,,,,
0xAc0Ab89cc1b6268A83Ff901E3b8b6b811e0916Ba,runbb,21649,32379,0.00010403,ronin,,,,,
0xf7344414bcd533d67f8AB59f5d91166797bD4719,Levitate,13304,28398,0.00010398,blast,,,,,6
0x88324FCB7A03B9Ef4450d09fbF6E8772CB41EDA4,linzslime,11118,99093,0.00010382,ronin,,,,,
0x7BD16791214C70f4bed53d295516a8b5c6FD1876,vladooo,19144,47980,0.00010382,ronin,,,,,
0x389e59087F9A24AE7676B94cCf7d18c0b59d79fB,lagarto24k,21895,30048,0.00010356,ronin,,,,,
0xdda7AA0fDdAa7cE4EDEE12fF3b86994Fc616147b,graff,25666,5852,0.00010345,blast,,,,,
0xf55B0E611a50ba5aF3e45DE5C36125EB4FFf08FE,dadyminer,18765,49696,0.00010339,blast,,,,,
0xFFb58E79cBBdac64d375913525bA987bec9da53e,Drakath,19894,42438,0.00010335,ronin,,,,,
0xa113E4bfe848634c0a82E21bB77ebFec3B16ccC8,TGGTIOSAM,23353,20407,0.00010334,ronin,,,,,
0xF8727dF1626e2611f72fb6315872cB1faA29B7Ca,tTecTec,20006,41538,0.00010323,ronin,,,,,
0x17a7108f7C6e8E28ea652d8c5929C6dd846220c3,ntymm,24753,11300,0.00010322,blast,,,,,
0x5A50CC4820FC821A0571a52675424883fa2E3812,Deverdum,23769,17220,0.00010301,blast,,,,,
0x968E3958B94Ea9984FE1a43354f5C33597F6F889,kemal,9112,110011,0.00010269,ronin,,,,,
0x76DBaB38587cEA12cCB59c0A0c523A7912c28420,Lehez,8139,116086,0.00010262,ronin,,,,,
0x24d30ea03ca91c6c689bDAb29207088404A28e7a,Lfelipe_a,23719,16523,0.00010239,ronin,,,,,
0x029083C81F95eB3641BD965AEc8E0FB10d1356F0,mnhat,22486,23684,0.00010197,ronin,,,,,
0x5D3Eb7ae03CCE475DfF0359aBF7eF0a3E20F08eA,Jkai,18832,46648,0.00010179,ronin,,,,,
0x17361043e6bD4B9e1973dF4222278eB8aA56E2F5,POMG,19402,42741,0.00010162,ronin,,,,,
0xac2bF6EA204e4eD66C81c638b169F8451f15fa6f,BaoHahaaa,16394,61711,0.00010151,ronin,,,,,
0x26d2d2fEd423f62C7adf0bef207C4A01aD0847F2,ToP4eG_BALAGAN,17729,53029,0.00010140,blast,,,,,
0xf2097DE2C78d59BdBFbe22b2A8dbc1c81dEa3fc1,WTB-独狼,22128,24743,0.00010123,blast,,,,,
0x6a9970c2A370667eBAACa1Bd78CeA36371D3cCFE,austind.eth,7727,29591,0.00010114,blast,,17,,,
0xcCF451B1A8c998C9919DEDfA9B6147BE4850C31B,Superlox,11264,33554,0.00010069,ronin,,,7,,
0x1166DCa45D3053ba0698c2b8266eCAA2a5457408,Nagibera,20098,36669,0.00010062,ronin,,,,,
0x1Dc8e9758ce04450e6fC26d22f1F1F7C21f56D40,RS555,20763,32226,0.00010049,blast,,,,,
0x106Fe62e87dad4a29A34c03008878677ba607597,thupaiTGG,22647,19871,0.00010027,ronin,,,,,
0x96c2FcDC4BFb78C6BEFD583908325D44EE29346f,cursed,7846,57017,0.00010023,blast,,,,,6
0xC827A530fc63320e5589c3b8C83bA7A88F1b68Ef,TGGJoao,8621,108871,0.00010008,blast,,,,,
0xeB2EcE5ABC990B26a91149526D2A828a23eD408E,cuongdx33,19700,38104,0.00009994,ronin,,,,,
0xb6519BBF41e081d05b3DFcA229eD7643D2644854,WBT-玩偶姐,25574,1,0.00009951,blast,,,,,
0x7c6aAd9E4A3Be5Ec8abb7C41a3B92002135CB26e,Howix,21073,28401,0.00009936,ronin,,,,,
0xc0d21ACcE2af05a8899781C5F67d01dd216b7F2f,SyberWolf,15663,62744,0.00009929,ronin,,,,,
0x55e33d6aCf21DE37FE0D06E32D20d84764cC35B6,Dioh,10683,94164,0.00009912,ronin,,,,,
0x6407613b92719c3AB87a56aeF4583F7201C612d3,HDNDeepForest,15136,65722,0.00009906,ronin,,,,,
0xE7d44d5f1CD65E7674D65defdEf497617Fd04EDb,KangxSUF,18531,43971,0.00009898,ronin,,,,,
0x8Cc66a9F1A11aCc609ceEE4419b09B58987c00d6,mushkoo1,22976,15557,0.00009891,blast,,,,,
0xB451930e1ecFd4De5A05047EEfEE81AFAB402bca,kolumny,20170,33397,0.00009890,blast,,,,,
0x30821088c955C1F6a11D3AcCf4b4eDe8B094148A,Pfffthetic,11990,85453,0.00009888,ronin,,,,,
0xA430a6c592F555348A9eB180bCAd84905664902a,TGGKing,13745,74256,0.00009887,blast,,,,,
0x9d4385B0E1Df221dd60be5FE81D1Ae8601B743a2,TheShy,14737,1560,0.00009881,ronin,,13,,,
0xf47A78904F3C1a087D4d89d99A19C381ac0e7D81,ConCuDinhCut,15672,15893,0.00009875,ronin,,9,,,
0xA112F2605FB9F9995128240ED50840f2d91BC318,Anert,22016,21251,0.00009866,blast,,,,,
0x487ee5fcF7992299bf819dCf2e90b463F4Fff527,kurkul_BALAGAN,20306,31998,0.00009857,blast,,,,,
0xdEC784BF69944754f064d7Ecf9AcfE44E81e1d14,kassi,16824,53998,0.00009847,blast,,,,,
0x35Ef282E2de954E52808E703c6E248d20dC62212,shy,24252,6270,0.00009820,blast,,,,,
0xe5eCB1F3FA1F70f2D4921644a5CE4DCdcA3AC8a6,TGGHiorinha,11880,84713,0.00009800,ronin,,,,,
0xB2b21a62064840784007fe4B6fbbbb17a9a5CE98,NUTRIPlay-KGeN,16100,57763,0.00009795,ronin,,,,,
0x91E427b4Da09268883202B552a2369B2BE6a2d21,Batman55MANA,20141,32016,0.00009794,ronin,,,,,
0x4dF06a3735Ca366Fa84e5e78E14953321647FF68,Backa,21137,25616,0.00009790,ronin,,,,,
0x870494564109E93A488c3D94FA8234C4fc624ca8,CN-Faker,23702,9062,0.00009777,blast,,,,,
0xFa4dc543531B5b176EbD03209d4b18b575f76A52,foreinbear,8385,106151,0.00009750,ronin,,,,,
0x33eEcC8A5133a2b528F7d684b623A6a875444D6F,abhi9832m,13859,71161,0.00009742,ronin,,,,,
0x0E3Fae0B2e38352e7C908C53288deC3C21786D02,HelloHello,21098,24939,0.00009734,blast,,,,,
0x46c612860e58026079d2E034Bd5747f92503996a,Kilamunshun,18323,42420,0.00009722,blast,,,,,
0x114B15D0F8d4d067dB512cdC3d01973b72fD00c0,Chan,21423,22626,0.00009719,blast,,,,,
0x095209159173DD812eF4cb4212910fC9318021c6,Aragami,17233,49279,0.00009717,ronin,,,,,
0x00D04A5628b4784Cc7125Bbc5393962B70005613,jonessbeats,21059,24864,0.00009714,ronin,,,,,
0x54f592E2c7db087e5f7D1FA023a4EF6b1cFDF1b7,WBT-阿祖,20457,28655,0.00009711,blast,,,,,
0x6B37dD691f754D5EA9800d054fE78F13Eb6Fd6cB,HDN-DeFam,11199,87184,0.00009686,ronin,,,,,
0xcC45554aFf9390ed0e4f61EF07d0de15DdB44ECf,Robaulo,17155,49259,0.00009686,blast,,,,,
0xa7B42359f58bF707A3A3C383847A4a465C9BA5e8,kuni,20733,26446,0.00009684,blast,,,,,
0x7D97fa796813Afe78E41Eeb805051824e2A0DD78,x3m,16218,55178,0.00009683,blast,,,,,
0x9D5f655187EE1648cE39BA9c7218F082191d1251,kinhofx,21303,22710,0.00009677,ronin,,,,,
0x73fC993a63821ACa3E546261eb043F22778ef60a,Jimmy,18325,41650,0.00009676,blast,,,,,
0x1B1Fb12925276835B3934F211eAc7b6a79162f9c,atm4n,18681,39153,0.00009662,ronin,,,,,
0x08C5BbCF76241602aB9De4A0f449f0A541B21766,Chelabom,15939,56333,0.00009645,blast,,,,,
0xb9F1Db680F59479DEC77221DF1672E815dD8aaeC,micromolecula,19348,34507,0.00009638,blast,,,,,
0xc9B7b79e86dcEeB182Ad4671DEAe54f22e06d777,MANA-Kallyn,19655,32513,0.00009635,ronin,,,,,
0x207D4Af00D8a52C57aBEcC0cAC0684a4199598Cf,v101,11654,83174,0.00009618,blast,,,,,
0x7399224861306fC9073d86Ece0C7b7F66066a440,MOCHI,13484,71407,0.00009611,ronin,,,,,
0x25FFB7Eb8E4c19CD5a1961c02dE1cB2e576225B7,hidrodat,21540,20092,0.00009610,ronin,,,,,
0x3e61FBdA25296856507B537218c82455b7AE9c47,kash,24387,1835,0.00009602,blast,,,,,
0x30B5ef3e7CD7D7c7914aD0577BFA7708e13D7CA9,skxelly,15548,57522,0.00009565,blast,,,,,
0x622EE336Cec1f36b833E37a941d94573d54C43AC,darhan357,21252,20982,0.00009552,ronin,,,,,
0xd6B1D9420f49ED6bC330CA6Fd16e98167276914d,WAR_BALAGAN,18964,35350,0.00009540,blast,,,,,
0xc6cf13A03D4764a1694998c41e5287b124C8b7b7,Brokenryce,21860,16628,0.00009522,blast,,,,,
0x95a8643b8d08e4571B5172b277B006C1C0042f14,chipchip,19357,32446,0.00009515,ronin,,,,,
0xD3dD48F240a944787A09cD74AF399449ADf5e842,DaBeast69,21067,21420,0.00009507,blast,,,,,
0x18921682e62Eb36c6391Be33bEC86E9266a13aD5,ISTINA,18833,35621,0.00009505,blast,,,,,
0x22d9E941305d6f2EdFd57252E2eE3B578208C8C1,90xGGGNewFriend,20463,25204,0.00009503,ronin,,,,,
0x4d453b01930D08B1e6da589A37237d71D219F872,TineX,15510,56080,0.00009463,ronin,,,,,
0xCaEA73329c7e899CCF9b6c3D85f047908890346a,Zulus777,20824,22243,0.00009462,ronin,,,,,
0x65595e017cAC7F3f10762aC3ec6727b6d50b4Ab8,Radiant,7310,108272,0.00009462,blast,,,,,
0x4Ff6aeFF176d64E7B1520AF1EdB614893eE284e0,LemSlime,17678,42087,0.00009451,ronin,,,,,
0x646eE8c1B8e033323Ac09012CEDbD77Ed944F5Cf,ramain,14701,60954,0.00009446,blast,,,,,
0xb91C18eD7a58042530C96611a77c7143ef954202,SownD,11599,13426,0.00009400,ronin,,,,,7
0x81Ba604832dFd69027b6185e987Cd18a4B0e7405,slat,24108,144,0.00009390,blast,,,,,
0xCCF0c9c4Ad4f86f237eD43889179e91De419FC46,buddythrone,21209,18566,0.00009387,blast,,,,,
0xB51Ad9aE31335392BC28c3f519D0D2090F0378Dd,ProToTiPe,21299,17967,0.00009386,blast,,,,,
0x42C7EBb381Bb39310Fcb528b408dfe75CcF92cDE,minet,21429,17106,0.00009384,blast,,,,,
0xB9063C1758ddDFE2E9Ff0a7C6635497E9ae30929,MEPOxGhost,19120,31699,0.00009377,blast,,,,,
0xf03cC4938505DB0623bac5a1C7381A17De4621B6,gssssssssssssssssssss,18418,36050,0.00009370,blast,,,,,
0xD2251B8A201DE9aDddc1a5255C3c99993d8927AE,canjicadoce,20409,23153,0.00009356,ronin,,,,,
0x4446241A9C4c584B8A192eC7768f21AE3A15eaC6,higan.eth,21961,13109,0.00009347,blast,,,,,
0xE5e7411695fD705108a4D4A91880DB1F5832043D,zalupenko,21213,17829,0.00009344,blast,,,,,
0x9973F022f74c2611E7EB019039aC235136a55047,Hasun,12375,27531,0.00009335,ronin,,,,1,
0xC052C2f6191186A53C6fFebaAdC46125f0731A3D,Jokiyc,15165,56093,0.00009329,blast,,,,,
0x343a55eE66e5996C97a1BF8Ad24e8a28c767666b,Shahtar_BALAGAN,23294,4146,0.00009317,blast,,,,,
0x80eFE6d1A9e1fAfA50dC385b3768a41BD29E939E,Nermant,21030,18393,0.00009307,blast,,,,,
0xC6FF169Cd2e38CEB8fF567cc014E6e96b5E58878,killernftgames,14935,57160,0.00009305,ronin,,,,,
0x1b1Ed4fD087ba35ACaF8376768027a808Ee6EA88,WBT-baozi,15067,56180,0.00009296,blast,,,,,
0x9011f0b6d84B87BA1c3E1aAeA25375B2Ec5B62B9,MasskMa,23388,3192,0.00009296,ronin,,,,,
0x2AA693D2815acc760BEb528D2D376A5fA5936125,RAWgaming,7781,102363,0.00009284,ronin,,,,,
0x98f8787B1C16478c87fa35479caF148a585A0Ea2,DakuNavara,19657,26474,0.00009267,ronin,,,,,
0xbC8ecA8755328ED40BC2B94B4c55eaA8405F732F,dasha,20813,19043,0.00009263,blast,,,,,
0xe93Fb75a39313c3F919e6989B381FABE079c69B9,CongThanhLTA,20811,18728,0.00009242,ronin,,,,,
0x9CA3DD51E99F5EEDE7A40e109A95E3cb229091CD,OkOaks,19235,28524,0.00009228,blast,,,,,
0xBb60c58B0e121768bA35f7Bbe58896D75b358A80,radamant01,21072,15774,0.00009164,blast,,,,,
0x66b45d3e6bF12bDf2DdeE95c905A787BFEAC59d9,FlagCaptain,12906,67631,0.00009155,ronin,,,,,
0x50CE84D190F3c5CD8cbBBe372c60F4cad16C8753,brendi.savedsouls.eth,22077,9103,0.00009147,blast,,,,,
0x0F551E9D0c6d9025874EdFbB65431DB9725c8CA7,azamaza,20039,22068,0.00009146,blast,,,,,
0x50CCE9dF0C978537F770E27b431E8131B1429C96,alarak,16872,42121,0.00009139,ronin,,,,,
0xc1d587AbCd98aCcacf75Cf2c63182662fBD7C3d5,essssss,16849,42231,0.00009137,blast,,,,,
0xa0277ef00Cbf5C52dD8E2C72b28836E0B116539F,xMikitosx,15232,52453,0.00009133,blast,,,,,
0x9651f720444038FFE89dbb53fD82528c33452352,FATNFT,19302,26458,0.00009128,ronin,,,,,
0xB6FaD3f686E42F2454160825652B26ecd70584d4,elpatron,4488,8479,0.00009121,ronin,,22,,,
0x54980e7ebffF28CCe86469E7Bac484EeDd88B7f8,parkman,10531,31050,0.00009112,ronin,,10,,,
0xCC9239A18D0b328E16d690aad427a68309927143,kahel13,16359,44680,0.00009096,ronin,,,,,
0xDBBcE650181CdCDAC8b774d9022Fd4A533F42Cbe,jey,18496,30902,0.00009086,blast,,,,,
0xb66e879F412bA1213B7c80081DaDc7A083b51c8c,BigodesInfinity,23275,140,0.00009065,ronin,,,,,
0x29A0B292d65E6449e24A1cE699878EA6309Fe308,SymphonyF7,10579,80924,0.00009062,ronin,,,,,
0x664Fe01207Dc37C84A97A8dCdC28bCc1Da6bEE57,b3nn.eth,22433,5306,0.00009053,blast,,,,,
0xe2dB435237963c273df0C20EE612006c9dD9a655,Mehanik,23219,0,0.00009035,blast,,,,,
0x36555b7b59332Ca72B146d15fb29b203AFBe776F,WBT-虎爷,18727,28577,0.00009033,blast,,,,,
0xd74eEEfAB4aB94C8eF744118f64536DEfC22052e,Ethermine,20899,14672,0.00009029,ronin,,,,,
0xF089bCDd9E8839342e01482B8c839eb3742A169D,Xenaks,18791,28045,0.00009026,blast,,,,,
0x9115b5277a37A1728ecFE9Bc887bE2502E77Ba66,LordGrim,13822,59616,0.00009022,ronin,,,,,
0x8993946F3ae7755549477227cB9cc4B1b493433F,WBT-虎虎,22320,5209,0.00009003,blast,,,,,
0xd4aE814759F62bfb9c302Ce1628A86d944A87407,TestGM,18388,30141,0.00008997,ronin,,,,,
0x694d50fD1C90D3F15a7657e9c281Cdf889a7F83b,rentau,22635,2872,0.00008983,ronin,,,,,
0x89c750B68205688966D539fcd3730571da984d03,RocketINFINITY,9219,88081,0.00008970,ronin,,,,,
0x4fD45D93EA6B46aeCE02cdb6e0C788304294Bb65,zezonly.eth,13283,61945,0.00008954,blast,,,,,
0xC8688610d132996cCa54bE3BE4AE44B2Ab9578db,Delpogz07,17129,37216,0.00008940,ronin,,,,,
0x4Fff0FbB655e07C46618Fee19Ec30d0a2480f53b,okpagor,4302,118707,0.00008929,blast,,,,,
0x1178791Fa78914D4EE04d683928076Fea62E310b,Svoloch,19070,24628,0.00008926,blast,,,,,
0x5be7654baDB417F448b127aD578de45cF42a809A,terkoonBALAGAN,21120,11462,0.00008919,blast,,,,,
0x0A12e580e3a1E0E6bE868aAB062b034277F3F351,alehandropug,20264,16878,0.00008917,ronin,,,,,
0x85c97f789969De9B17B70C6D80a251f7aF20D1B5,Baiano,16173,42784,0.00008908,ronin,,,,,
0xB89bA91D80773b2d2194659c0F8Fdf6E547A6d35,slimV,21036,11523,0.00008890,ronin,,,,,
0x11E63B1c875698aCF7155C6d3A78f85e053461c8,CN-郊眠寺,22759,124,0.00008863,ronin,,,,,
0x916a621D385e39AfdA2A4afeE132507793C2870F,ChipNguyen,21399,8535,0.00008848,ronin,,,,,
0x5274595D6f73a2bd4E8Eed881e9385eacb9C26FE,eunha,20014,17263,0.00008843,blast,,,,,
0xA5F4B3F760a6e9Acdd7960f5cc01Fe15391714fb,Lion991,11823,69357,0.00008839,ronin,,,,,
0x880B556cb336148b17F8728c081eA6474D5f4065,babadherpi,17591,32605,0.00008838,blast,,,,,
0x35018902294cC6ab7fC24e34E7416A302022a6D0,TranBacVuong,20039,16519,0.00008807,ronin,,,,,
0x39c925a3cc6f84989DC8a01285e074E8d5D9f8AB,SenorWoofers,16871,36477,0.00008794,ronin,,,,,
0x06e63532c2caE0b30B709500F562d1c1e36fF925,90xGGG-Yudi,8314,90950,0.00008794,blast,,,,,
0x9d77F64d04C19Ebf8E9BD914827536E640305FAf,OgRealKush,14300,52796,0.00008791,ronin,,,,,
0xBF72Bd2c97aa7Da21c971a01f774eB99BA4D1d32,altermoon.eth,15987,42030,0.00008789,blast,,,,,
0x03Af8Fd6Fcdc82BD6248aF13933C856Bb2174d8D,Gsth,18246,27335,0.00008770,ronin,,,,,
0x21eDFB9814578706e13E299B2E13B6610fA949c1,masth,13035,60393,0.00008763,ronin,,,,,
0xD229837D07Daf4C82467cC37c77c55Ee6f6af278,TonyDD,13557,56963,0.00008757,blast,,,,,
0x279d02DBD127388B4864545Ba446c5c54e6Dbf52,NgaoChoDien,10859,73725,0.00008731,ronin,,,,,
0x160fA854e7364de5f11B0025Cde5Ea7f08c40caf,WBT-qqwdt,18137,27235,0.00008722,blast,,,,,
0x92653FD68c2448E471Ef576Ee8c0e573D8d1B2fb,Frixburn,13942,53922,0.00008721,ronin,,,,,
0x67A32E939D8b6Ed7029319a75eB5019755bB04C3,WBT-大眼,19135,20605,0.00008705,blast,,,,,
0x1832a700A917F5fC184B5aC2bf47ab836A464B77,HCO_Perp,19728,16445,0.00008682,blast,,,,,
0x97169839c817DD38382B497D1552a7e61b33D995,Jcva,14019,52405,0.00008658,ronin,,,,,
0xB87b48D44b4fDD4Cfe06571bC2c6Fdd81f43026C,SayLess-KGeN,18044,26750,0.00008656,ronin,,,,,
0x3f28fDcce977c9a03b466002A3012d64946fE16a,Tijogo2,2700,124184,0.00008640,blast,,,,,
0x067a293Ad493e86BA68D0A3f61acf1EAf7782306,Bepo,14182,50703,0.00008617,ronin,,,,,
0x6191dF04dC67928Fb3B33AB6aBC6920ECBCB471F,kenlyduong996OMG,19129,19183,0.00008616,ronin,,,,,
0x0bC7739209AE5bC08f4af91a49A7540D5171B3D2,SmokeOxygen,5192,107886,0.00008614,ronin,,,,,
0x077718663A5FC16efF8245305224fa4BF91e3ee3,mkssh.eth,21190,5987,0.00008611,blast,,,,,
0x5C0A0B176c713cDbD375F376F3cF1Ee3a9bB8812,earthwalker52,17748,27801,0.00008605,blast,,,,,
0x0bc53D605F92258E56A3c16ac874FdaCfAaff848,GrimsNFTs,9097,21434,0.00008590,blast,,12,,,
0xc03928487cF0441fc644F3f6fa09E7AeA7f6C45a,Zaluponia,13932,51836,0.00008589,blast,,,,,
0xED199e3Cc96ce62964E814115255B9FAE0721579,milico,16505,35167,0.00008572,ronin,,,,,
0x80F61C93f0dc0F560C0EFe76Af210334c42D4FFD,nyeru,9688,78375,0.00008560,ronin,,,,,
0xAe5a1F310dD053B752DD967800122983849a174D,nixxx.eth,12522,60128,0.00008547,blast,,,,,
0x0A2cF818DC0EFA03925A1e1192a8fde8F05D76E0,TiriricaMHL,16433,34535,0.00008505,ronin,,,,,
0x9DA9b9f7c4d980fC69955C82C60122Ddcc38F914,Tarots-KGeN,19925,12151,0.00008496,blast,,,,,
0x099E538C8DbDc6082AED80645Becf861AB266551,baster,17533,27256,0.00008488,blast,,,,,
0xd941e82F382F180Ef32047D775724c0006dC421E,Luiscrip,16034,36551,0.00008473,ronin,,,,,
0xE175b90C12F74AFebbE9106c7C0C4fb39bE15dc3,DifusioN,1350,129799,0.00008458,ronin,,,,,
0xa5a745eE8Beb0E8Abc870E743E450b01E8078054,Nueder,16186,35337,0.00008458,ronin,,,,,
0xb57ad06561eFFcE40EC6023478d8572d751a7362,GameScam,17210,27914,0.00008403,ronin,,,,,
0xEb556664D37BF56E68211f661e9809231CBfC99C,kka8056,7471,23343,0.00008400,blast,,,,,7
0xd6d55408c7FdFAfc1cd4869b2e8e5e15cc66310C,Myrmindon,17047,28897,0.00008399,ronin,,,,,
0x3Ce3EF7199368dBe10aA1A6a35FD677aE6402b52,gamer22,18726,18200,0.00008399,blast,,,,,
0x4892BaD0B73dbdD8E7715b36A9f3DA0E1B2e2D3e,vapor,17586,25426,0.00008397,blast,,,,,
0x4775c86c88D697123E390B8e175a1fe03e6a23d3,FLEΞK,14494,44524,0.00008361,ronin,,,,,
0x8fcf3A59591BDA67c771A08E7f800fd1d1F3df75,versenktMANA,17738,23460,0.00008336,ronin,,,,,
0xC96ef134c8A0E110bA453104136C4214baaE7840,Mosaickx0,18375,19307,0.00008330,ronin,,,,,
0x84b07B1BEBaaA10546695f09BF75C896DA3F5c3e,dredroe,20314,6781,0.00008319,blast,,,,,
0xD1b1485a163e270E3Daefe153e3B16D578051756,mehrshad,17552,24359,0.00008318,blast,,,,,
0x65929Bf2eb7089a61103a7BA0ad7ce36243F6d6a,malakos,16080,33673,0.00008315,ronin,,,,,
0x9844DeDC09B2f68899E8EeBD68718Bb2E1Ce7FC8,breakfast,7364,89110,0.00008311,blast,,,,,
0x666e597694e24301289d257de5c95b7e50b381b1,vinh2407,11861,60451,0.00008310,ronin,,,,,
0x200951468602F3a41872F4854568D173482a1635,kerulov,18542,17717,0.00008298,ronin,,,,,
0xdb5E18572FddAc8D75E6ee46D2660AcD06de904d,OzlR,9829,73137,0.00008294,ronin,,,,,
0x6D2a64A165FB8442685741C8880053a58BED3A39,3a39,19733,10072,0.00008294,blast,,,,,
0x423ab7436dBDeE32d940EBe7c6e9bD3231970b52,chiencangcuc,19661,10053,0.00008265,ronin,,,,,
0x2db2a9e8F28C9DeB4419F7416504129656735Ea2,rutter,19055,13871,0.00008262,ronin,,,,,
0x8Dd519b17CCaf8d97C1cAa0eB0aF99D495990DeF,神秘的cici,18961,14384,0.00008257,blast,,,,,
0x28be792f92E8aC1A6BB46744E149d91DA5EF8c1D,Duduu,13642,48200,0.00008254,ronin,,,,,
0xB427Ab26Aa50f0bcb48C3Cd5cCAF2189642bC129,nekiTON,17584,22646,0.00008226,blast,,,,,
0xB43a9C3E2452fb53b115b9bEfD6E42aCDC0600e7,SenseiDumkeer,6607,92529,0.00008226,ronin,,,,,
0x06D50ef5B5A5CE901DB460a4D04B1eaA35862003,joseale361,16644,28617,0.00008225,ronin,,,,,
0xBEfBF78558b620b35d2AF4F3CF5670A36891E8f2,HDN_Thales,16974,26115,0.00008201,ronin,,,,,
0x00C4684e1868E1e2fCf25A39eD2574EB85c66840,LeTTUm,10454,67451,0.00008190,ronin,,,,,
0x2521C21BfBDfeB61D3f932B12EA979567717047A,TigraoLT,2610,117205,0.00008179,ronin,,,,,
0x7Ac48d0ac4f1a9772641e0189d483A9A5F554Aac,GABB1E,20482,3355,0.00008175,blast,,,,,
0x9546a2e3432c8c1716225db71c8ae7e5aE287725,0xPaparfPC,11184,62540,0.00008174,ronin,,,,,
0x9FE666575a317dd8955f177a958e75B801E5e41F,5oftware,13668,46653,0.00008170,ronin,,,,,
0x1CF018bd49CE4093Fc43DAd804d79b71F56CBa9D,yolosergei.eth,18338,16820,0.00008164,blast,,,,,
0xf6Ea2D114808CDE3F1069B8cBf925313f3508540,东风,17381,22258,0.00008124,blast,,,,,
0x6D4743Af7dE15A8b37Fd12E0C32C1566Cc1d8144,luckycats,11198,61513,0.00008117,ronin,,,,,
0xF346f9e73d5Ed17603cE07082136CAECE6f4b483,endyzada2,17683,19877,0.00008096,ronin,,,,,
0xD8b797f706Ac26D159a02e0Caa4EC5aEA3a5e372,Alex03_BALAGAN,13689,44755,0.00008062,blast,,,,,
0x00faa2C8123779fa0c6fC5Aff3E6D0F2b8d4f007,Byrje,12059,55014,0.00008055,blast,,,,,
0x4E7e9E0A817EeaCF78936a48ffc9D1FA12273366,WTB-伍六七,16868,24293,0.00008048,blast,,,,,
0xfa832b541B6806d6a7e386DEc6D02Dbeb6f3Ea8a,nuucy,15353,33830,0.00008042,ronin,,,,,
0x536091ac3643735344fdbd5dd0cb86a112017ee4,vHapply,17759,18456,0.00008038,ronin,,,,,
0x7DC3fcD54D967B8E53C8AC4F37014eB0f495F7D6,Uzinafreak,6706,88615,0.00008025,ronin,,,,,
0x5EC6f4be900c15586490bf0e2ad0D7f3b53ed015,Renan5Castro,15689,31239,0.00008014,ronin,,,,,
0xA80ED10410211E8E9F64eC270D565D4f7d37C81B,WBT-只猪侠,19985,3058,0.00007963,blast,,,,,
0x3858323E0D2Ea17FC4aeb0332C4Da890dBd2f9ec,Kuradenshin,14153,40065,0.00007956,ronin,,,,,
0x8F5096AA1e1522A332C8cf9cca49792495028c49,FailSorz,15596,30591,0.00007938,blast,,,,,
0xd6f659aa7320195DDA62422654FF4CB8b49abeF8,yokozuna77,17962,15479,0.00007935,ronin,,,,,
0x60e69DC2F170440E401a29Fb043a4326808087D6,WBT和CN马甲保命不要打我因为我名字是游戏里最长的一起干外国佬,18815,10003,0.00007933,blast,,,,,
0x3B4f06f22603f6125f2498bE58d9b704740ebdf9,ngkhuong,14286,38647,0.00007921,ronin,,,,,
0xE61B49e5989F3F70dD2eac67E5c732741ced40DA,Hinata,20211,0,0.00007864,ronin,,,,,
0xAdB5d7CEA6FB20a48c80b813644C7D6f3fFC00f5,PK_ahahaha,17538,16924,0.00007859,ronin,,,,,
0xF1C1d627fb17b4d812633E5999a57861485aD860,90xGGGFunky,5220,95137,0.00007846,ronin,,,,,
0x8FA670938AA1f55327f0B79Ad7cd95D25Eca14A9,鱼头,18424,11007,0.00007842,blast,,,,,
0x20B7649cF5bF078A8729649DF678d3646E434C33,asel,19311,5252,0.00007835,blast,,,,,
0x882d3fcF7410e08a81b44005Cb73137c6eB3816D,zevs8808,15666,28185,0.00007818,blast,,,,,
0xE726c7F032599c1D4f81B913f2F730dfdb79D1B8,RegiusLock,5840,90643,0.00007812,blast,,,,,
0xe2058fC470fFA54A45B391f244bEa252b68583c1,Oi,13191,43560,0.00007795,blast,,,,,
0x58F0f2F6c78Ba5513e8451781D6F633FB1aDAc5c,Snow,10992,1324,0.00007786,ronin,,11,,,
0x35b4c48A6E6F6440584882cDe11C909a62792e3c,jc,4818,25191,0.00007778,ronin,,14,,,
0x6e938B20B125F07eB701DB47A35124Fe1427EDc4,pizza,9229,25578,0.00007751,blast,,,5,,
0x282983251d23510E7E785092636f79d397061B4a,Pushistik,17694,13924,0.00007736,blast,,,,,
0x3Cd27F545912E51351618BCF05e79fcF69f4BaD9,WBT-虎大将军,18835,6470,0.00007724,blast,,,,,
0x0D4ce92c2707e979Bdb2dA6d9e735A0f48f70183,自己人,19321,2871,0.00007694,blast,,,,,
0xC33A7778ceB9266bFCdb26C81930eb252eE89818,memma,16177,22752,0.00007685,blast,,,,,
0x620cEeeACD4E46947599c58181b7c7A7143C99D6,WBT-Kiss,18103,10462,0.00007684,blast,,,,,
0xABCe86f63c550999D7F37760F5B234fc00D7cE40,Natka,8397,5002,0.00007639,blast,,,,,7
0x18b5a1c294018F4E8e6cAB15250f3F56f86B1D37,TheSmithOG,13528,38474,0.00007615,ronin,,,,,
0xF1907918DDDf643CeD63C057285992D84808bEb6,Giau,15716,24530,0.00007615,ronin,,,,,
0x2D532970347DC5e770c5250Cf8d9B213f1109c33,Peterbough,18226,8462,0.00007609,ronin,,,,,
0x4833286683B9e6C716855326aAB50fC8Ba0Ef16C,shinichi2x,14989,29058,0.00007608,blast,,,,,
0x9c7B7bB2BCAeece02219F0f273f12C0edc1b3Cc0,FotFly,15878,23284,0.00007601,blast,,,,,
0x13b60E6dE295CbFDdca7DA9ddEa346B17646cE9f,tanqq23,15906,23102,0.00007601,ronin,,,,,
0x52eC338681d1e3Dc7386877b421Fd983043bff0D,semencho_09902,12177,46679,0.00007591,blast,,,,,
0xfB86a0C8591cb7581913d09544b5B6d3772Ad941,Stainsz,17140,14981,0.00007585,ronin,,,,,
0xE66DD25DddA12Afb1d6B84567F228376B31BaD8e,castunfo,16153,21215,0.00007582,ronin,,,,,
0x8A3a2e7aaBcf300F7b11d1b82a602Dfac8c97779,Sekranchik,17667,11408,0.00007572,ronin,,,,,
0xAb77884b8e8b44B92E3ed8b7E017D96f94F6E30e,Salcedo,16711,17442,0.00007569,ronin,,,,,
0x5C6708914D6BDDd96b5a7da31B267A51219C1c39,VNBigDick,16749,16771,0.00007542,ronin,,,,,
0x669D52bdAfc8C973D1D5C6C19d4EA7D63B4f1E29,bunxu,14644,30117,0.00007539,ronin,,,,,
0x46D071906a4e64C8c37eCA7c30bCFB4C49ac99F8,neoplus,9948,59937,0.00007534,ronin,,,,,
0xA97Ab0FF889801b9105AF64Aa93A48453413eFa7,antoniosf,6420,31302,0.00007528,ronin,,10,,,
0x0840479270efD9Ac8459b0cDC929A17FBA765550,ANATOL80,7755,73763,0.00007526,blast,,,,,
0x8f2f3c08b111Ae9817e9c1D7377EA7eddEfA0B0D,flying,13212,38890,0.00007518,blast,,,,,
0xd526D0e6Afa2D323861BF84a85EB35B63B5c35D4,HDNPradokaRs,13349,37852,0.00007508,ronin,,,,,
0xC4CF45A2a4Cf692Ef0A59A3484Bde9FdE1638b52,tijuquensee,10885,53256,0.00007490,ronin,,,,,
0xfb27Dd2FC9AA26CC0578e5561738022B20Ac0197,thienky34,14107,32718,0.00007489,ronin,,,,,
0xa44da11cD76Bce1BEc72C015c799F0afcECDe8DA,0xaji.eth,7946,71846,0.00007483,blast,,,,,
0x5162b4F14Af4E5bd562ce998057AFFCce5E70F74,Yutah_SUF,13968,33504,0.00007483,ronin,,,,,
0xCb8AeB7AFd45dAFa2AF13D7e28074E3Ca03bA54b,神秘-pan,10946,52716,0.00007481,blast,,,,,
0x349A30400d7Cb23ce685326E0658FEa2efbD3F3f,Kace,18267,6046,0.00007478,blast,,,,,
0x9D91Afea53BFF89c4fb734a78E78FcfC2aAdB3D6,blastoise,19143,397,0.00007473,blast,,,,,
0x0D4117D6D653863229BcAE31077315e947ef03E0,spritemangen,14912,26783,0.00007439,blast,,,,,
0x3820340Fb33d01E8C13b4F64262B2eD260483f87,HCO_IZLIT,18232,5529,0.00007432,blast,,,,,
0xc246E54908d557EE77516949E43e1E75098c95a1,PR_Kiko,11563,47722,0.00007416,blast,,,,,
0x7621633D9902eD308EA6ef13a020fd695c3aF196,Noctur,1950,108889,0.00007414,ronin,,,,,
0x31F2e61BD655191f99123C1c4AfCA5313aE2aEf2,LUCHIE,14256,30293,0.00007399,ronin,,,,,
0x6D06CFAa2F1A213E99B2C1596fda7adbc5dBad62,lynx,9733,59070,0.00007397,blast,,,,,
0xF368C0a1763F13241A30fb4b85ae8b8517a4a6E6,KisutaLoli,10185,56012,0.00007386,ronin,,,,,
0x58296Af1ca87597490F1728cD27519163D251bb2,Starkzinfinity,16424,15987,0.00007368,ronin,,,,,
0xb31e0f1b3CE1C581e7334d5fe10b0A406C357ffc,KEK,8979,17336,0.00007358,blast,,9,,,
0xcfa5Cd75CDA3788252C641f603eDDe924338939a,monty,7108,3406,0.00007337,ronin,,14,,,
0x5Eec5b252D432A90d5135A7e51C0a5Ebc97BeF50,vapor1,16392,15379,0.00007318,blast,,,,,
0xE1d13aB75ff27349D15eab8481E4E260a3348d28,TrisL,15695,19659,0.00007309,ronin,,,,,
0x58f684A9b3202f9Bbe75FE6F8617Bb08e13196Ea,xHUNTERxRDG,14217,29040,0.00007307,ronin,,,,,
0x2Cc6665DDcF6f8589FB9bc14f6471e3ea51f4C99,LordStreak,18033,4645,0.00007301,ronin,,,,,
0xf3Af776BA9da85871A2a764B1C8C76aFE14d7489,LKMANA,8264,66511,0.00007280,ronin,,,,,
0x704Fac51cA919971A2b56bBAF4b63F25b9ccbF1c,Volfgran,12519,38954,0.00007252,blast,,,,,
0xf570acF26E03cE817E6686475DF673633fa05A1B,Bodoke,14410,26774,0.00007243,ronin,,,,,
0x2189250D92563A7C3662eE1626389F3012321B3E,Daisy04,17554,6653,0.00007237,blast,,,,,
0xc705E33FECE95256a8DB9ECfCEA7422001C21630,CaiLoCuaChe,10070,53876,0.00007211,ronin,,,,,
0x588ffAc7AFb5D4524EfB7EaC1D7Dfd609CE5Dea0,lenanumber1.eth,9886,55030,0.00007210,blast,,,,,
0xbcAe9454240181f92D2E5F60103Bdf3C2cF0cb42,Lucius,11472,44921,0.00007209,blast,,,,,
0x1e35425199500A864D9C14A8918C37D6Ad29E076,SykePlaysWeb3,11540,44411,0.00007205,blast,,,,,
0xc47EA7a56649Feb45bA66BDa33664f73679621b9,StilLearning,16808,10855,0.00007204,ronin,,,,,
0xD77eccD0a68Fcd4eC5572080877549F9eb219E66,Garri,13707,30575,0.00007202,blast,,,,,
0xfe95eF82B826Fe3B515CdCE95EaB3f74B9DA3AC6,VexsD,13825,29801,0.00007201,ronin,,,,,
0xAb07cD89146EbbF4B37321740147BbE22E2E425a,Aguejia,11394,45239,0.00007198,blast,,,,,
0x98e0A8a90f14e2B23DC4805194891826f0dB2DC8,norbert28,17664,5305,0.00007198,blast,,,,,
0xCaB3A9898657bF29C34485cb0cfBf5440CDe4299,Zerberfert,11937,41738,0.00007196,blast,,,,,
0xABF9FB739EF7cf074779573fF4C6D876C634782e,limalimaofficial,13589,30796,0.00007170,ronin,,,,,
0x471E146B7E090605Ab78cd8e18f461Dc0F21eea5,SCNKULI,9392,57177,0.00007149,ronin,,,,,
0x068a3689D9599aF5B808d691aB39F6AeDD10f9Bb,lera,14098,27214,0.00007149,blast,,,,,
0x2208187e5F9e26223b9D5aC4A25A25f9547103f0,mocaverse,15404,18861,0.00007147,ronin,,,,,
0x56879cc88fa3895C082C22035dB1386DcAc53bba,Twix,16377,12543,0.00007139,blast,,,,,
0xfc9523a73C5c5E920bE40E98Cf46e7206ADddEFd,Golub,12677,35898,0.00007127,blast,,,,,
0xa451b1FEcB8046277Ac9b2c9836FE23E8bf0f55F,Kkshi,13593,30009,0.00007123,ronin,,,,,
0xfca4E1D6ec4F1D63794488138695a38da2D62d55,cryptokrish,14508,23899,0.00007106,ronin,,,,,
0x77ecAC26204aA2754B76C6f1C0E26Fd2D2261Ed5,kiska_potekla_balagan,9463,55898,0.00007098,blast,,,,,
0xC469dC477460d9BF02cff312Ff0e672Ef03bA7D9,TuyetNhung,11290,44247,0.00007097,ronin,,,,,
0x7676e86f490a0A76bFD7c8D15538b3ED03e6C4D8,90xGGG-bhorai,13181,32189,0.00007096,ronin,,,,,
0x29A3c67f2a4a50250342d23748beEd0c19349605,alexmerchison.eth,11947,39612,0.00007070,blast,,,,,
0x894ebA2f76492e4C04381Ba4287093D05C35E32e,TR4_Gutso,10800,46774,0.00007061,ronin,,,,,
0x16E583a4cB68c3e23424A457B93b0BB9595B7253,kokochka,13614,28808,0.00007058,blast,,,,,
0x55C4a02f4AF146686C472Da3FbB22a1fc838b7e4,TanTan,12627,35006,0.00007053,ronin,,,,,
0xFD4d281f959aFd60E98138f7587F50004fE72e3D,Sunnn,9557,54170,0.00007029,ronin,,,,,
0x8d94A1736006e668D9f8074684Aead1495ac2CA9,CHODEKILLA,10725,46502,0.00007015,blast,,,,,
0xB17deBf342ec7c772BdFb2ADeAbf8362786E5248,Cucumber,9465,54346,0.00007004,blast,,,,,
0xdB26a144ac27e49DC79fdFe8fF6d7F7fd20803e4,chyka,15449,16181,0.00007000,blast,,,,,
0x26375540Ac4a3da5a6dce736016f1B86d8088Fc3,salvesalve,7511,66339,0.00006977,ronin,,,,,
0xDf860D29bEA30E975F1d2CBE067871fEeA91C6Da,USDrago,9054,56384,0.00006969,ronin,,,,,
0xcc7041C9B8E7C514A6009492fa650F83622709B3,Cacciatore,11236,42353,0.00006961,ronin,,,,,
0x059f15e190dc56E976Dc2FE03E3E92B0e1F92988,TGGKigiko,9196,55220,0.00006953,ronin,,,,,
0x964b7f7Df89967c96ABaa4ED02a9152af697853F,DARKZERO,7661,64953,0.00006951,blast,,,,,
0xF74734284d2CCb90514BbE984f61A0eaD3BDA9D8,KWAND_BALAGAN,13255,28746,0.00006915,blast,,,,,
0x05CcDa8DEeF0A3B6754599feeC4739E8fD3ca6dc,MichaelJackson,13961,24219,0.00006913,ronin,,,,,
0xD57bBd1028a2660E9e6bF2645798C42960Fd4BC4,EVEM,13310,28322,0.00006910,ronin,,,,,
0x1C032E0F4A480ea72100Cf93e33E350eb0A10F46,MayMay,9534,52124,0.00006895,ronin,,,,,
0xf3BbBfbA70d4F4cB6718A7e87B603E35f9bFb2D0,smilsd,14970,17465,0.00006892,blast,,,,,
0x3782358FFf2E73307a25Cbb34DbD37eFcC29fAF4,lewysh,15926,11377,0.00006892,blast,,,,,
0x20337cf0220Ac61EA1895e037836B11268416EF3,DAIRGG,6818,18334,0.00006890,ronin,,,6,,
0x5C360424Ed7D6DE2059BE7AC40738C823Fa7d6d1,Deniska,16594,6754,0.00006870,blast,,,,,
0xD18813Bf6A72cf379f93384775078A87fDf964Da,thaikun,14018,22995,0.00006860,ronin,,,,,
0x377fb0Fee455Bf3225F0e86439Ca0521830Da359,MEPOxLezgoooo,10365,45761,0.00006830,ronin,,,,,
0x3E31C2a61e6B6B3370E0ECA5713023B9a1e93Ae6,mysterious,9347,52225,0.00006829,ronin,,,,,
0x9A490b85B0331568F01adB087f637b57Fd50AdCa,Designer,15790,11201,0.00006829,ronin,,,,,
0x0746556E764927faAC9985A233d4c1804B164933,Ver,900,105764,0.00006814,ronin,,,,,
0xA8B0cbc7BC8FAfDc3f5c44D35d0186D28380dF53,NoLife_xSUF,15936,9947,0.00006809,ronin,,,,,
0xE1d03b3EDE0D26f08a5FB7155De2511530513a76,Kadal23,13598,24826,0.00006808,ronin,,,,,
0x7d43ceC79b9f3Ab181179B4ccEac8Be26B01cBd3,ramaina,7849,61303,0.00006801,blast,,,,,
0xC0B3A34aCfFB4Dca43E1714731030e3641F72Fcf,FEEDMEPLEASE,16078,8846,0.00006797,blast,,,,,
0xe9bCa9c109F73CE060d10ECEC95b99D8a04B0B68,幕火,12646,30559,0.00006788,blast,,,,,
0x39D3158a7C9D4F8Eff36524B9a2065465995932c,balt,12677,30353,0.00006788,blast,,,,,
0x482658b2A9DD326f9D18D02b85A2F26918144E26,ArkroidTGG,9370,51391,0.00006787,blast,,,,,
0x0676a7Ad19be61Db0172162e2098f9F0f62BB22b,yungbratz,11652,36766,0.00006781,blast,,,,,
0x35de3ad5180771d9ab90230B948aB73c11459Ff2,Shtefsi,8809,54764,0.00006775,blast,,,,,
0xD9feD9604b8d6a5fdbF3171A1D58eecAc2dF8Fd9,WBT-中眼,17241,1061,0.00006774,blast,,,,,
0xa85bA5bb1118d68b8D73f3BB50A3d69Ff0Ea5939,lndly,9612,49614,0.00006772,ronin,,,,,
0x9D4C5e37B7238AC76d0D8E9A987aE9666346C76C,jojo,16178,7786,0.00006771,blast,,,,,
0x26714ed552EB044a339b2C1DB9E9e2e762ad42B1,神秘的咖喱,12986,27996,0.00006764,blast,,,,,
0x4836914884904bD1efB02F544edFEa5963E4848e,kingpotato,15743,10368,0.00006760,ronin,,,,,
0xb454EcC69D69F5053F99f7c33DC2f80D8edFE3aA,any,15822,9748,0.00006752,blast,,,,,
0xCE57c995D1a6309B2607cE267E1D51f604a0109E,taenaka,15783,9782,0.00006739,ronin,,,,,
0x5a847AbAC100d4393410fB8b72D8472ceD307602,Sharazil,10060,46088,0.00006731,ronin,,,,,
0x09d6F82F42B977f8656E9964544300Be40b985Af,LASTSECONDACCOUNT,15944,8617,0.00006731,blast,,,,,
0x0430A123F37B96bB0b8B33784158741e12661581,boteilhopirocu.eth,13020,27199,0.00006729,ronin,,,,,
0x565efB528E571Bef82673d9A07ff1A0aa9b6e896,AngryCat,5049,77834,0.00006721,blast,,,,,
0xc2AC76A6DdBA6448B165AaE4F354E4031063210F,Arsen,13903,21368,0.00006716,blast,,,,,
0x16941b2A80bF39022f971246a14c08bce2143437,Vamprs,9132,51679,0.00006712,ronin,,,,,
0x256D0036729D866F7dAa395DB519DB6564C1b1Fb,Groxxy,9721,47825,0.00006705,blast,,,,,
0x3EE085a9b75eD0fbbaDFeE01C89daB41B1437Ee7,sperma,13510,23331,0.00006683,blast,,,,,
0x4b427D4c3E867E38bA251aAeD0Ce2aC860a5C85f,pinxixi,15528,10203,0.00006666,ronin,,,,,
0x4Bd57Da1E6fC7F28280e6a3feFDDe285a879E34F,KRATOS,11366,36477,0.00006652,blast,,,,,
0xAd69E797D7Bb492Ba66AB2b4AF70021C6E4E69BE,MaxFisher_BALAGAN,15841,7843,0.00006643,blast,,,,,
0xb73A05C6204247AC9335623062c5549552CdA9C0,WeeD,900,102899,0.00006639,ronin,,,,,
0xa234b9Aa5589367C2Db32cAE8234E25B10F67671,TukuAyam,650,28444,0.00006638,ronin,,,,,8
0x6391a482c12101e3CacbDBc462b9b8FF6C46dB90,0xSakSuka,14928,13310,0.00006622,ronin,,,,,
0xc14d444d38Db1e3cE8b3A2E9A6e0D32b3bcdB159,Donishko,15016,12503,0.00006607,blast,,,,,
0x8f127C863033782cB08AfaA70E92246F349c7C40,33433333333333333333333333333333,15530,8999,0.00006593,blast,,,,,
0xE8cdAA46e73E308d916f114afc757990a4788fD8,WBT-邦硬,11299,35819,0.00006586,blast,,,,,
0xD21fD844F6cD0F6696535CC2f33C47539F743733,mehtabtechnical.eth,15704,7694,0.00006581,ronin,,,,,
0x7a97A8Ca4FAEd26eEc461Ee40EF823D57070A56D,gLedaL,10462,40692,0.00006558,ronin,,,,,
0xD06aDe835F50c5B32B8Cba8648486e6Bb4729C0f,ALLSTARKEL,12030,30647,0.00006554,ronin,,,,,
0xb3b8EbC39B560ebC5aC0e484B22dE7C56687A972,WBT-King,11484,34079,0.00006551,blast,,,,,
0x5ba1F660CD5cE83231131cC2509D35f8d6eE74e2,Hipercrypto,8115,55267,0.00006535,ronin,,,,,
0x1dFf0Bd582F4d112806453164e20f779CaacFD28,dexmaconhaMANA,14245,16151,0.00006530,ronin,,,,,
0xe1faBd12A41e3C45e0015cd4C9A71933DeFD4bb2,Sayfy_Infinity,8921,50042,0.00006530,ronin,,,,,
0x35a206D9ae0445c44FD6dB163B31fBf69AD531FF,SWEETTAHO,12644,26333,0.00006529,ronin,,,,,
0xcB1b3311E996f6e22c58F03779A3Cb363Ce64946,Hadookin,13831,18709,0.00006525,ronin,,,,,
0xb98252760226E3EA978e6DDbf6cFE1E2A7F82AA3,mightystrom,10311,41101,0.00006524,ronin,,,,,
0x64ED9c53c2F3112fc970136aBfBCB51d56a018D6,神秘的小可乐,15791,6159,0.00006521,blast,,,,,
0xC2153006aE3F8B8d188cd060Ee608e8586379936,Escravo-PK,14959,11231,0.00006507,ronin,,,,,
0x45d005a15F9112e04c9F7c8B33fFCB5606327a85,Sofa,8977,49014,0.00006489,ronin,,,,,
0x2b418beb789d4157Af23c36d996f702881123E35,gangstapug_BALAGAN,15041,10246,0.00006479,ronin,,,,,
0x20F940541f5D6E0367c395Bc07CFBccFdE8b4BF9,Kokoro,10314,40317,0.00006477,ronin,,,,,
0x9b2aea87c785a2828Abbeb1C69A80c25966BB9ae,gambi,16418,1183,0.00006461,blast,,,,,
0x79A6DD3717A70f99FEbF089F7d2780781446C00B,Epyx,12688,24613,0.00006441,blast,,,,,
0x3A79e13A0ED3FADb12Ea5CD95F66101a75859a35,ThangLo,11936,29289,0.00006435,ronin,,,,,
0x0835845cd9985D996C2fB21354528e0F08afBB9B,Sunraku,13795,17425,0.00006433,blast,,,,,
0xC2Ab6a5D8584C75138C796102787fD8B1f1BD507,ProstoKniaz,7275,58796,0.00006424,blast,,,,,
0x32110e5890CEb8860D765fbB2E84EFB644E20029,Tonoroch-Infinity,12098,27913,0.00006413,ronin,,,,,
0xB0993F4485488d34e2E8975f7dB9F16578c8d67D,Penguinxyg,14659,11589,0.00006412,ronin,,,,,
0x4E22D0B37070d2bd68f5d3DBDA01c95df9F4875c,Drakairr,9215,46127,0.00006405,ronin,,,,,
0x8F44cd100c7f77764b325A83b0D4c8e0FC91C6e6,Yamato,13644,17775,0.00006395,blast,,,,,
0xB91cE9129A30D9E891BB670672a452034ffe0860,trubka,12928,22259,0.00006391,blast,,,,,
0x9Ce15890AAbF58cd7De4f5f96c96ac93390ec7bf,TaMuts,15423,6210,0.00006381,ronin,,,,,
0x4422c921265C32FBe944dD9ff680e4F56B347B8c,juniorcg,9021,46931,0.00006378,ronin,,,,,
0x479386e4698c572846c94880b110507Ad8A707c1,Chupacol-PK,7662,55406,0.00006368,blast,,,,,
0xdf63bD95b7CA4dd096016094b77a9d08B7Ac3E76,GeremyLeal,10744,35586,0.00006356,ronin,,,,,
0x7B2b0274a4136a48840eE7E0A399c21Bb9C8B909,Groudee,13906,15141,0.00006336,blast,,,,,
0x6ef43Ab2f91F46c1899001B8333cf98b7427353f,PK_0xKyran,12234,25780,0.00006336,blast,,,,,
0xE0e087E5135Deb205DC781F7283cc7B97e71b2fE,TGG-Ravie,16178,650,0.00006335,ronin,,,,,
0xB187C30c1E59Ff8149C184279008469FE7ac3e0a,Karma,14149,13489,0.00006330,ronin,,,,,
0x99DbB7C5E171b191C639084336F3B9ed388221C8,Lbleed,10194,38592,0.00006325,blast,,,,,
0x8a513474859Fba7178628113f2C825b66925285f,KoaNFT,11395,30822,0.00006318,ronin,,,,,
0xe8bA7A289Fa8Ab73eEd69Fb78de050604ae449C8,MrAnon,8943,46388,0.00006315,ronin,,,,,
0xD08827a4c1211E9C3F92466cCBeA97f8F5C5D7d4,dendalion,9077,45460,0.00006310,blast,,,,,
0x9137B46CD5F3C77DeDe2D13BB37b5a7E1e58283f,KIDIK,8052,51437,0.00006277,ronin,,,,,
0x97116b9E52ef4272ac1757f4B26904E4f25b2582,Frank,5873,65264,0.00006274,ronin,,,,,
0x6Eb5b3267A3EDe23c89d105e75347F26d0602078,HayDanhBan,9499,42150,0.00006272,ronin,,,,,
0x327122b6B18701Eb360E02b38b442D1D04141B18,BALAGANChilGuy,13024,19303,0.00006248,blast,,,,,
0x911353B2A964d82637Cd2D003E8E651FEDC60b86,qqhate,9609,40529,0.00006216,blast,,,,,
0x49d7989f9d475d3DE3043D1b57C30087b6625F92,BHARAT,14961,6281,0.00006205,ronin,,,,,
0xA8Fe6f2280c4FACe3e75F916ce1c6ccab33D3cB7,uktaokui,14970,5763,0.00006177,ronin,,,,,
0x44EC8E3731d5D947E8592BC0349Dd9d734827eC3,PieroElSolo,12296,22783,0.00006177,ronin,,,,,
0x54c60dBCc400Ff4753A37C62fdb7bB4DB4d896B4,AHNAndrew1,10126,36508,0.00006171,ronin,,,,,
0x6311AF558252FB8bfCDb098c3FCbfFF9049bbDA5,Dundus,9689,38615,0.00006130,blast,,,,,
0xbB03086aD3dEB81F808cdF68606758D963403C00,KenNguyen,11495,26944,0.00006120,ronin,,,,,
0x8f78406BE2f38C37AcC92898F29e1A779f9db4e5,Babytwo-KGeN,12055,23249,0.00006112,ronin,,,,,
0x3c7058b013d588412d62F4D2ced5cb6Fb7f72165,Danps,11345,27620,0.00006103,ronin,,,,,
0x95389DC3587aBd509e261D55C8d8c1282E2dcAA9,efhgv,15117,3562,0.00006100,blast,,,,,
0x8c09a5463AaA699672807E6f2A424941DBe3a08f,Plankton,9433,39668,0.00006095,ronin,,,,,
0x2669fDf048Aa07bd98ecC80f316fb0e0577230c3,nivek1994,6270,59789,0.00006094,blast,,,,,
0x71002D0Ef4C71F65118B95359a33C8957F9d7106,SAiito,11087,29081,0.00006091,ronin,,,,,
0x61cb383d4FDa699447bB9406A2D8Ce060C1D6e06,InuPlay,14063,9746,0.00006068,ronin,,,,,
0x4B063BFa0Ba4e820Be99B642087925fD44881c85,Malangey,9698,36749,0.00006020,blast,,,,,
0xB79dF11E30640F717B5c1e11709D7dC754D168bB,RushPerform,10808,29444,0.00006005,blast,,,,,
0x617fbB1e9280E71Bd45209d3a91005202bF0A385,nah,2615,25263,0.00005990,ronin,,11,,,
0xD07532EECA4Ce5d9D904Cf4e15166Ea3FA8DA4E0,Doyathing,11206,26570,0.00005984,ronin,,,,,
0xcD230B4091e076dfF999c8B755C412A0454C6b9F,finicky,14513,5254,0.00005968,blast,,,,,
0x4283b02E431774182CCE74047bab7A48C6135d67,lychee,13177,12961,0.00005920,blast,,,,,
0x63Cd90e7f05775D004e1233E67cF13C65B313a04,STANN,8516,42610,0.00005918,ronin,,,,,
0x0519861371532dBcDBA321DdC0E3108885f6E2FF,dur4zn1ll0,12743,15490,0.00005905,ronin,,,,,
0x3CDE4ae002D7419216bA41FcfF368EF356169519,Emdzik,6417,55322,0.00005878,blast,,,,,
0x51A01f433B13F5293D80c4f8247797c5B0d31f50,神秘的少东家,14482,3754,0.00005865,blast,,,,,
0x367DB50f00a170532fDe654bec1f50FdEc348C0E,Corin-PK,11664,21338,0.00005843,blast,,,,,
0xE515CDA6bB3E1410F48CA6378E931904a2Fa008f,mack2x,9111,37568,0.00005841,ronin,,,,,
0xCcb9213E30eC332b66cFd4B90cB77a35B97797D6,Bigbang,12936,13158,0.00005838,blast,,,,,
0x831c5F0c56B480A9bDF9f0824dE8Aee44E6fAC17,kka888,13796,7650,0.00005836,blast,,,,,
0x7EAeF8113bfE2A318CEA9b8040dC3Dbde437cFF2,Eaglepet,7175,49674,0.00005828,ronin,,,,,
0xC2E71CAe519B3650994012ba321c545CdD4d9E11,GhostS,12826,13499,0.00005816,ronin,,,,,
0xF7af128c34f6e70f5ddd0db22Dca158694937D13,archangel,8253,42474,0.00005807,blast,,,,,
0x312be25d79B750213aB425870E9B5471A2E3EeFb,Fl0ur_BALAGAN,14812,700,0.00005806,blast,,,,,
0x23ca8D7B3607Aa32152c2E0C9C1F54e9C4111E11,BOBFIRE-MANA,10864,25502,0.00005786,ronin,,,,,
0xC9bf08f3BDb14644ef4A2B7D855D427D8e77514D,NAtGao,8124,42901,0.00005783,ronin,,,,,
0x034Ee67584F6a1D2C8C341D8729ACd5d681FfEBd,Rhaello,13776,6278,0.00005744,ronin,,,,,
0xd7FF7726c81B71BCFD4a415cB51b644D72843940,屠夫,13874,5222,0.00005718,blast,,,,,
0xf182271C29e56097D46B58aDC7A03853d64DC48a,gepa,5777,56534,0.00005703,ronin,,,,,
0x0A6cA655598e4f3B1745c25C035D1D148bc942A7,MAHAT_MEMANCING,12106,16003,0.00005689,ronin,,,,,
0x006C51A17632141bfd42E5E8ba5c0d483cbaf7aF,WeldBrumbo,7831,43175,0.00005686,ronin,,,,,
0x0099FC914f23217Fd8fbF922A3dbc51BEB0fCc53,aantonchuk,7115,47094,0.00005647,blast,,,,,
0xC7ad3b3B874Dd386bE202126F0b2ee6E735EF2Ac,Pontiphiqus,11028,22133,0.00005644,blast,,,,,
0x96c1f1028032F81Db9fDcfbbAcC3BC8676b171E7,IgnacySigma,11134,21196,0.00005628,blast,,,,,
0xABa84A8a643735156Cf09A6ee7E7f7D4312aE951,tramp,11521,18475,0.00005612,blast,,,,,
0x844DfbA5968a364479c56052035729eFD3e7d4be,Drena,14292,815,0.00005611,ronin,,,,,
0xb07e0462cFD655Ce168163220EBf1B6a6150e7E0,HateMeNot,5037,59661,0.00005606,blast,,,,,
0x0EA728Fa4b65eD0A0dD84109001520566016257c,CheckerGuy,11494,18503,0.00005603,ronin,,,,,
0x7a4d84537C749B7Bbe6Ec8BC15F04e2C8c2996F2,TetinhaTGG,8802,35532,0.00005597,ronin,,,,,
0xc05B1022947220473a4c7c7deE19286d68170F50,GoldenCriss,11960,15359,0.00005593,blast,,,,,
0x308849E987d5798Cc791Ac85268f4F7c2808353c,TGGDerick,5160,58603,0.00005589,ronin,,,,,
0x6a83187f5CA91a6e58eAA329ac059b5F6f5a2BCC,mr_BALAGAN,9985,27882,0.00005589,blast,,,,,
0x6A490cCf085B0f2A306E967aFdBF6c920aab772F,Karandash,13495,5529,0.00005589,ronin,,,,,
0xD327c828EE946154649E26f1f95cde37e7FdbB72,Aldorius,10309,25650,0.00005579,blast,,,,,
0x625134562f506c8d7bCBa6D18814005aD3d375AF,Vubin,12999,8424,0.00005573,ronin,,,,,
0xD97fC5dAF917C00509a6C57fdd3957de338cefAA,Godcrowley,5294,57310,0.00005562,ronin,,,,,
0x2470E949B9bBa79a029B2Cab2f7985F0B1d7fe08,TGGjojj,5909,53235,0.00005553,ronin,,,,,
0xA5E60385272E85e8236738F42BBB98df8FaD16aB,KHUSHAL,9478,30437,0.00005548,ronin,,,,,
0x16E6c0A033De7bD7B17Cb19C4ee347A641F0068C,SashaKamen,13439,5045,0.00005538,blast,,,,,
0x6Be533049f9CF58c528788362cC0dBa6Dde7B6D7,CallmeSrD,8977,33066,0.00005514,ronin,,,,,
0x48581EE4cAE8483C501789723c910D0E46B5781E,dabaolaoshi2,9228,31322,0.00005505,blast,,,,,
0xe89F7A2B9940313C78A5dB2F6AdFAE40c2C69779,TR4_guldalifurkan,5445,55354,0.00005502,ronin,,,,,
0xd9f4f1aB8A359fa5E015CD92c0F6D41277c81d62,beikovich,7723,40812,0.00005499,blast,,,,,
0xEBe2140fdB40C874F7686854877162fC3C65B59e,Napoleon,10973,19750,0.00005477,blast,,,,,
0xA6580DE8f8C38a0a47cc692396B9A97Ec1d38d2e,Balthier,11737,14803,0.00005472,ronin,,,,,
0x6c5CE902e11558Be660537d2d7510180406792c6,MrMageTGG,9212,30693,0.00005460,ronin,,,,,
0x68EE3e42CF0CF531AA433512e425225c85ec709E,Sigurdr14,10395,23078,0.00005455,ronin,,,,,
0x8907b9dd4e6Cf6F4a3767afaDAc09f28Bd18224E,ChrisGG,13571,2708,0.00005446,ronin,,,,,
0xD3e97b1b36b7b7255Be13E084c3313B97E83044e,HCO_Clumsy,11612,15104,0.00005442,ronin,,,,,
0xFA1A37DE978051EDC25217d268446E7199AD14bf,Coin,9771,26791,0.00005439,blast,,,,,
0xB615028cF286a201A7910aD52a7163fbCc2e46ee,SOSUNOK1488,12519,9117,0.00005429,blast,,,,,
0xB9f46d3d6B9e4f069f51f0C38f9A7237F069AA08,UCUPKEWER,332,1092,0.00005424,ronin,,,,,9
0x1B2532D21ecaFBd15336Ffee845886Ea800fD316,Kugelis,7380,41716,0.00005421,blast,,,,,
0xD58cD85D5fb8D57791f428f8B1Cb3e79ac8543d3,meppxsakura,4766,859,0.00005392,blast,,,,,6
0x5D3B6585153AAbd8AC5426C1716ca7706c53eF4f,Test,12507,8475,0.00005385,blast,,,,,
0x3d66Da5927BC3E0dB7f9f09b3d35e498C52C0cB9,igorotak,7312,41154,0.00005360,ronin,,,,,
0x70CA640601b564917222f3ac54B6aE496b949089,DuySlimeGaming,11424,14753,0.00005347,ronin,,,,,
0x509Bf5a53A5B7B99A56E0Cf0cdBb2791477f0fB7,Zoro,10561,19990,0.00005331,blast,,,,,
0xE90590796d79b6dba93E9B8f1BA4C2B02DB5fc78,Menoide,11154,16147,0.00005327,ronin,,,,,
0xcA0B4439F0FB53a42a84859aa3E0550F4aa836cE,saubap,8262,34508,0.00005324,ronin,,,,,
0x70544EfE35e0d49B4Ad34EF1caca954251f9292F,BALAGAN_Ribachok,11157,15836,0.00005309,blast,,,,,
0x6B781064767C8f3b612facc91BbD5E77CD91BB13,0xNocMANA,6560,44744,0.00005287,blast,,,,,
0x32fb271049c67A70f9d46Da43306D8959A1C7af0,MANA_Fisher,13159,2650,0.00005282,ronin,,,,,
0x4F4E790d1d668eF689A6abA5B55a0403456Ff031,Pupu_BALAGAN,10270,20532,0.00005251,blast,,,,,
0xa0eF39CaE2E9d73A66D970CbC6140D8ffB3b4AC2,WBT-娜娜姐姐,12361,7151,0.00005247,blast,,,,,
0x5736569322856BCd90147F55eC352D0dC1678cEe,Peralta420,10034,21827,0.00005238,ronin,,,,,
0xd5AB4db5972e6532199260cDc8ef0e3b30A32Ee0,johngarik,10502,18788,0.00005235,blast,,,,,
0x580D29A7Dc236e7DAE1C8Ad3116baEe4503f1f0C,OhGeeh,10179,20812,0.00005233,ronin,,,,,
0x708cD04071c3D1415f3882df2326589989779dDD,dangelMANA,8934,28704,0.00005231,ronin,,,,,
0xdC3bFbC0B8902e7f88E4b4972C614E0a6c8a634a,ONETNEGRI1488,9785,23285,0.00005231,blast,,,,,
0x9B3E08147f2Aa490Cf0EdB303273634dcE3AE452,cryptotoadder.eth,11917,9616,0.00005225,ronin,,,,,
0x5dEBC1be15821664057d80D8E27F2c1F012Ee0a0,phelansoi,9075,27453,0.00005209,ronin,,,,,
0x530eb24208a889BAFb42d9b770ef6be60D019697,WBT-DABAO,12113,7982,0.00005201,blast,,,,,
0x80c1a6e00Ee3F1375B7975ab37A6ED34b273aBa0,KOFISH,9980,21556,0.00005201,ronin,,,,,
0x25461dB18CEBEeE8E11C0254Ba0F087f00FA5FD2,audio,11558,11317,0.00005189,blast,,,,,
0x5d120B935dAcc3ad80794201ce584d4d2F5e3EF2,Gooseman,9824,22079,0.00005172,ronin,,,,,
0xe419C73080662c981280Ef6E29788d898f05DFEC,WBT-挖挖,8967,27455,0.00005167,blast,,,,,
0x25D174Da25ACf153D4761A3B23588aCD3e014eaD,riyushiki,12139,7094,0.00005157,blast,,,,,
0x9a2D1A8424901a3e5Afe96d3893127E85c36053E,Nazmul,5189,50963,0.00005134,ronin,,,,,
0x096e80a4c2b44a5cC4bbaD493c7Fc9be03628c5A,Nitrox-PK,10773,15193,0.00005120,ronin,,,,,
0x692ed35dB27d50989ed25e0E74C6fFA587599E36,VanoZZ,6054,45001,0.00005106,blast,,,,,
0x9F87aF3989249F094eEf2602BcFBB2671F1a8420,BaoconxSUFx,7530,35511,0.00005100,ronin,,,,,
0xAC7F79Dd012def6bd96D7b23cfBe645A6447cF8D,weyawyn,8541,29027,0.00005097,ronin,,,,,
0x4Ae191c3f35A236Fa3f708Ee9858575449D1489C,ngocse,12482,3916,0.00005096,ronin,,,,,
0x3DE3B29c7E0c0bAFee75711CD5EAd661F73Fb345,zDCore-TGG,7160,37744,0.00005093,ronin,,,,,
0xDa57A499f592F6c82d884BeeA666141d1e6cF843,Fops,10639,15528,0.00005089,blast,,,,,
0x5D5FF76c067792934C6c8eE74cC7faf4f205F3Cd,WBT-玩偶姐姐,10632,15571,0.00005089,blast,,,,,
0xa3b6Fa19F0c91520381B6B54b2Ec55CBC7b3e255,Rekl,5213,49847,0.00005075,blast,,,,,
0x986aF1d5c1f1dA27D06102fa72c886Dd5356950a,anhson23,9164,24614,0.00005070,ronin,,,,,
0xF67dF18e6ba0267CE180a6617812e7cD6d2d3EAe,tantapchoiDFi,12507,3000,0.00005050,ronin,,,,,
0x667Ba9253003EfbCb55CAC48EA6Dd910cA782869,Casotti,7735,33315,0.00005046,ronin,,,,,
0xe36dc95fe8657c52F678abD269176F6aC91C9C01,wk0,12938,142,0.00005043,ronin,,,,,
0xeeB66bc85aBc68Af8A06A70A5B544D7b285321d0,Davisteraz,5698,46078,0.00005033,blast,,,,,
0x2a231644D7654Cd97D95aA7f309526Ca5B55CB50,Reng,10083,18054,0.00005027,ronin,,,,,
0x462051a908B5c001bea9891cE4B0c8CAB37568D3,90xGG-kirito,6114,43066,0.00005011,blast,,,,,
0x6c77B54aEF5F5770943736Af4515FC2366a15A4a,ocultist.eth,12017,4858,0.00004973,blast,,,,,
0xAAC6Aef282B4506754f1f1EeBceE397A1BEB1342,Dgons,11126,10241,0.00004955,ronin,,,,,
0x4663bD54d4e2a4FB0F96AC3C124D7cF6cf3132e9,patyeszkaa,10539,13579,0.00004931,blast,,,,,
0x8CfedBA4a6Dc36377941d4551f898A4500b3a970,Ylien,8424,26957,0.00004925,blast,,,,,
0x5CfD94e229ebEe1e031604fF691111e025cD7c95,haox11877,5966,42539,0.00004921,blast,,,,,
0x2466643126DD83a9d9B0d771669baDaB19F06e94,yanekolya,7183,34428,0.00004899,blast,,,,,
0x5507371b3C57b2f028B402bf814712503fA9B766,Igorilla,10366,13995,0.00004889,blast,,,,,
0xA95E811722142C16E187536B6A19B11d2F259614,tuyulawak,5727,43509,0.00004888,blast,,,,,
0x29B282FAcA24679C7B0114A5d45eFc8617B9b7Ee,HU-板儿,5762,43113,0.00004877,blast,,,,,
0xD1612df7cCb732a80180EfF609613fE84EBcE6C3,rellis,6789,36347,0.00004863,ronin,,,,,
0x310c09432ae0dAEb894ec5760B310dE5F845C9c1,tdbgamer,6452,38323,0.00004853,ronin,,,,,
0x885c9361aF189044305b384E30C4d8C3CC1d3dA4,Pumpbob18,8371,25957,0.00004844,blast,,,,,
0x5AEb6a6E89B9652CAe84dA1e5C1509D1c29eC307,Cambrilion_GoH,9863,16206,0.00004828,blast,,,,,
0x84305ae7E3Da4233d8b0FC3808c4205D147E5107,Phongdz26,10112,14603,0.00004827,ronin,,,,,
0x3feD69e5ccDD8074ebCA1D3Fe30154fC6843963B,apple,6692,36358,0.00004826,ronin,,,,,
0x64d8a93F8f40EAd1c3560D2ea4aB294FAD9dA755,kratos3310,10167,14151,0.00004821,ronin,,,,,
0x48087F31c4528C6dEf2A524de0BF14f52c3b3046,bsbruno,8867,22383,0.00004818,ronin,,,,,
0xcF52E7804637b508A5780035Ec1E5F390728c074,WBT-vinchhher,10909,9318,0.00004814,blast,,,,,
0x60c26e0810569e539056e198cD03E7063Ac890b0,jordanpaul.eth,7371,31748,0.00004808,blast,,,,,
0x6686b604A4D600ca9171d98b48575f662B11393b,vietbodoi,7977,27824,0.00004804,ronin,,,,,
0x6E74bD7b15D0964a7585d396bE5a1d282e5687Aa,Siimiik,10931,8824,0.00004793,blast,,,,,
0xDd95501AAFAc4a3aEF141656670d2FD7B1448004,NavarroBALAGANNNOOO,6071,39320,0.00004765,ronin,,,,,
0x97fa94EC3e1844280DADE9D9F2520b4C630962e5,NaryB,6720,35086,0.00004759,ronin,,,,,
0xf00B3135975ECC4Dc9B514668c131dC202c61877,Das,6819,33813,0.00004720,blast,,,,,
0xf8C80987580C4b107a19A11e8647A1469a14D263,PKcbbho,9208,18330,0.00004703,ronin,,,,,
0x9f0996136a40A43E4e7a69FF9F5DdA616E4ABD01,МАКИТРА,12057,130,0.00004700,ronin,,,,,
0x567c294C3fdCE75ca6Fc207CcBCc2493d221c49D,Fenek,10449,9580,0.00004651,blast,,,,,
0x29dF2a635A7d43Afd8aF3512516C9277B05b1Cf2,Wukong_Mysticat,10088,11541,0.00004631,ronin,,,,,
0xC6249F49118C57CEFDE4c57C07Dcd5151820a450,S3KK3R,6330,35381,0.00004625,ronin,,,,,
0xDaC99F885224b0D8EBFF51C711F89D572DA57C4d,error0005,8676,20158,0.00004608,blast,,,,,
0x0c495D477279413C362b40b07082dB6bF9619f18,Syamor,11034,5034,0.00004601,ronin,,,,,
0xB49bF4F9AccaEEF9fD77fb4fA5328eEc2bb56541,CGR-Viiespax,10709,7060,0.00004599,blast,,,,,
0xb458c3ADc7a27e0074AD4368897f0599961E2461,Gladfrost,7908,24708,0.00004587,ronin,,,,,
0x29F47Bbb45B1Ec558586884Dfe5FBE4a0C9be604,小坡哥,9372,15083,0.00004569,blast,,,,,
0x5bb8672225460563FF90DF734896Fa45Eabdc9dc,TGGxPiraque007,8665,19399,0.00004557,ronin,,,,,
0x96fB2d240241F073Fa63b7415349371DeddF8079,cryptogame,9741,11759,0.00004509,ronin,,,,,
0x9DC1C9d3B1293D23dBc0b43b79686B1a41C6c781,Hindeck,5707,37289,0.00004500,ronin,,,,,
0x93157b0B031D058B0eBF98835027F44eb8c062A7,oSmigollMANA,8028,22316,0.00004488,ronin,,,,,
0x42d2D4b57a514FC9f9E182CB0A68F12A3529bBa9,Horde-AlanFF,10043,9467,0.00004486,ronin,,,,,
0x0BC0aDc3e5E7517030Dcd32B50e336ADE35A4ddD,duy_hung24,8539,18472,0.00004452,ronin,,,,,
0xb95b5AbECb0bB44D27b2eBccd5F4d4022c0F6bB6,WBT-Haoying777,8050,21187,0.00004427,blast,,,,,
0xFe52C3055710F4E935dD50471E11a18d92FfBc2d,ruas33infinity,9089,14492,0.00004422,ronin,,,,,
0x4b53533a69e59eab2aD824d85F949D64Da1F79Bf,villasmart,7497,24231,0.00004398,ronin,,,,,
0x071619739Ff9D9A30ce89d58540B850410ef905d,welll_wtyfm,7243,25828,0.00004397,blast,,,,,
0x38b478AF953FEa104911195eAD2f975350b12fe3,WBT-huhu,10374,5760,0.00004389,blast,,,,,
0xdC967A2Fb31fFCaECc485656861760bF051EBdF5,Maxx_Wave,9732,9844,0.00004389,blast,,,,,
0x0e7e5c347570fa9d24f2a0eF0fB5695bC9b5b035,Jameson,10139,7142,0.00004382,ronin,,,,,
0xc1bBb34bd809571b79C18E3Fdc892c0aC6578506,riman,6626,29259,0.00004366,blast,,,,,
0xCfd653162Abf94cdB37B56123c3A7F2d81bADaFC,loliopopo,8534,17073,0.00004364,blast,,,,,
0xB0Eb446549eDc2962b95017124A49B5c40E174fD,BAER,6875,27564,0.00004360,blast,,,,,
0xE6C02CA54d5d1919dC2FF06badc89908Bfb0b2dF,andrucho,9913,8129,0.00004354,blast,,,,,
0xC08b6d75614b96C79ED009f07A3188905378A548,gordinlMANA,8692,15715,0.00004343,ronin,,,,,
0x7d2A23b6e73F5141d4c07E87Ea7d7dd0215A3576,cryptoJimbo,7232,25009,0.00004343,blast,,,,,
0x1eFA83d880d57b945907FBf3EA7360c9D9992Dd8,Nagato-PK,10816,1914,0.00004326,ronin,,,,,
0xb73E3FC5C4eD985140396b87322F8EfA4753e8D8,zehahah,6361,29875,0.00004301,ronin,,,,,
0xDE9EC259b54ed708430C037aA42422A05e7392b2,fugosun,10436,3902,0.00004299,blast,,,,,
0xdA167f976507C28342a6FDDD9D8925570f2d3BFb,twizzy_BALAGAN,10266,4878,0.00004293,blast,,,,,
0x41c45eE30c0157A7f36015d0a76Df4501456d4D8,Neorin,6061,31625,0.00004291,blast,,,,,
0x45Aeb0Ea8993731b8e29ad4B251a007a624D5195,DUBCLUB,7209,23959,0.00004269,ronin,,,,,
0xF48B0cD6981f990A0031C8526D9fC3CdAb0Cb17f,Lucifer,9250,10583,0.00004246,ronin,,,,,
0x05874E44448173C11bF54d007eAEA40bd6647C54,Prometei,9373,9718,0.00004241,blast,,,,,
0xBD0F85A02dD89E5C1725a8FB5832D78164e03612,mepoXsakubaa,9986,5666,0.00004232,blast,,,,,
0xFDBF20A7E1ee3F79D88Afc25c4FA32488389B47A,DoomeruaBALAGAN,8708,13624,0.00004221,blast,,,,,
0x45b90C319Db65323c29f9476C893bD7B17b9A5AA,Kentmorgan,9543,8266,0.00004219,blast,,,,,
0xCAf5eea962630E5141Ba3e0d2106E7CAD0A169E0,卡卡,9257,10018,0.00004214,ronin,,,,,
0x93a06470B8640f730c88Ad19Ac8Fca71069D9521,Xenaksgod,6805,25417,0.00004201,blast,,,,,
0x4864D4D877e5cED272ebc0BFAF75371d285F1B10,WBT-中专说唱尼哥,8858,12321,0.00004200,blast,,,,,
0xd3cE34e113014062cd908ACD4c7D2b72EE2e4DA6,hcomr99,9971,5146,0.00004194,blast,,,,,
0x58c5a30e228a26aA2E982BC50f8e2F2ae226Caa5,grunk,9528,7922,0.00004192,blast,,,,,
0x804F9295896A47dD3d117e252471a161D4Dac107,carmelelite6,10305,2890,0.00004186,blast,,,,,
0x74AA62a51E7dd5479B40Ee5F41F4f31C393d8f5C,EBАТUГBOMЖ,10757,0,0.00004186,blast,,,,,
0x10Ba109cCb236AAc6745E39d54FA7B1Fe04143f1,Habiki,10157,3667,0.00004176,blast,,,,,
0x4e8eE84882aCE67F013618a9F0956db99e1421A5,mttm,9444,8199,0.00004176,blast,,,,,
0x5d12B9fe31017b090ABDBb3D6d71AF63590BB1fC,Onirin,10204,3111,0.00004161,blast,,,,,
0xB080893db46763cc8b84db4fC4d5170D425ED4CD,jokerdiksn,9590,6957,0.00004157,blast,,,,,
0x6c037157Bd70C9cb665623652b76624fb5461FF3,AmeDamne,7268,21716,0.00004155,ronin,,,,,
0x0811504EbF4D4c5Fe3f6934A5df4578Ebf5556FD,MEPOxFarming,7118,22472,0.00004143,blast,,,,,
0x5927e053f55fA4ffcDE2D0F25e1f5BC84b2e29b1,chepuha,10586,284,0.00004137,blast,,,,,
0x5a1da5Bfd241013AA1883AA045837211C5f84de0,insu,9799,5093,0.00004124,blast,,,,,
0x630aE416013fa03dF63515F6679D169F32Bd7440,csjaybit,10029,3404,0.00004110,blast,,,,,
0x2BCCDE989B64657E7c231F9D364a3f12aDA82228,GRILLOtvxINFINITY,8730,10905,0.00004063,ronin,,,,,
0x976A73d2e95Bff409641aE93b1ACBbb30FF11092,SykePlays,7714,17304,0.00004059,ronin,,,,,
0x6583ca2c3960514290eE0D5aF2328BC853898013,MANAchang,5434,30701,0.00003991,ronin,,,,,
0x456f2e2033FbF3DdadcFDCAA8Ba0905BB83D7853,alexx855,6545,23533,0.00003985,ronin,,,,,
0x4c4D4f6EcEB64D11271492a801AA69eAC5Bef387,HCO_Sara,9237,6372,0.00003984,blast,,,,,
0x7bcA5F50deFb26546F451B50bdD6150C9269697E,Johngler,0,8942,0.00003975,ronin,,11,,,
0x98eFaD30A23d1dFaa987DcC5364b442a978FEa32,Fatah,6930,20814,0.00003969,blast,,,,,
0x840963e7a9DbCeA4B80CED1cA2F847136ca4D640,Shine,8087,13446,0.00003969,blast,,,,,
0x9921616187925127713A734B92C2184453106983,WBT-Kim,7890,14696,0.00003968,blast,,,,,
0x46905F2945D63F36c42969Fa5393dF6ce93c6B29,tggLukalsk,8723,8939,0.00003941,ronin,,,,,
0xb803F31E81054cC9376AB687D73FA0beD5c071f6,Glory_Balagan,10089,186,0.00003937,blast,,,,,
0x09376e00928F3182817363c3CCcE9B8b0120dA1e,Sebitah,6610,21585,0.00003891,ronin,,,,,
0x665374752d5f83D995160e9022715ADefcF2BCDc,QIAO,7958,12923,0.00003886,blast,,,,,
0x00AB1834b4c851deC5d65B3353458D7c68E03C0d,Dobro,5593,27799,0.00003875,blast,,,,,
0x4FCef6a2bDB982012eE0d3d4d194Dc0a359145c6,woo,9762,1142,0.00003868,blast,,,,,
0x828cF5f19FdAd5DAE5E62417909eFBfd2D36eE9b,BONGBU,8599,8021,0.00003836,ronin,,,,,
0x28eD84beE1A92043Ccd0fB9d88A704f5FCF634B0,Leevai,6553,20608,0.00003809,ronin,,,,,
0x0e0A1ACFCF81C7F46381e247c57184eF00FD1a95,WBT-Dazmon888,5926,24568,0.00003807,blast,,,,,
0xE07c445f9C32f837F01FB9848Ef23d1461eBA1d1,HCO_Insomnia,9422,2300,0.00003807,blast,,,,,
0x0AAA63592D7E9363748cFf7e45baB7953cE0902a,Hudderson_PK,8455,8453,0.00003807,blast,,,,,
0x7fBBb498Bb8e6a98717f0F0a50C6AA3522513213,Noob_Minter,9352,2630,0.00003800,blast,,,,,
0x90d6bfc080664Ce481BB8b9e9FB4E08039751BC1,CaConxSUF,7937,11607,0.00003798,ronin,,,,,
0x03F875C8B207E40f2B5b9394eb465c496646948f,MEPOxJutinha2,6334,21806,0.00003797,ronin,,,,,
0x7630715d60fe7BB87e03A98fF6885BfE54b0a9Ee,swizy281,6723,18927,0.00003773,blast,,,,,
0xD0BA493b79636D5e0076E9760695A2bbB068D056,Vallacy,8053,10347,0.00003766,blast,,,,,
0x80beEBB43EAbF4D886e94a4d37562426f0582d9b,Klitz,6217,22033,0.00003766,ronin,,,,,
0x67c4Bad9713bdd8DA1dEe4A9D8240e9c37E83bEe,mhowii,7145,16034,0.00003760,ronin,,,,,
0x93b7ec9849C9992005110CdB961DDe1088024D3d,4ervyak,7964,10528,0.00003742,blast,,,,,
0xf73338c21732278481e4de8455b7ba020777D045,Kickapoo,8353,8017,0.00003740,blast,,,,,
0x54076D01562ae1489cD7722369a579d11F171B33,Ribniy4ert,5884,23718,0.00003739,blast,,,,,
0x6AbD9AD221c8c81ea5548139F4def92E8fd2B627,isildur,9225,2405,0.00003737,blast,,,,,
0x3d435fE4be7c81BEbeBF1C8558bB8e67F3274799,aces,7124,14838,0.00003679,ronin,,,,,
0xe64AAC3994911D8ecbcb5eAD471eBED9502c0206,FirstMateB,5056,27919,0.00003674,blast,,,,,
0xd33373F727A8a78202bF717048458A1E23aB3C3C,reddio,7163,14139,0.00003651,blast,,,,,
0x33076e20e8690254e2A7EaE2244e6D85Ea006632,DavidFE,7691,10754,0.00003650,ronin,,,,,
0x103F491f159843E8Ba198ba14f9cA63ce7453E50,dolzhen228,7170,13990,0.00003645,blast,,,,,
0x4C6f1AbD301e3A3a0A598B0892860bea13652111,Baskow,8358,6333,0.00003639,blast,,,,,
0x23E1984B39de147559829357fCE054034c916675,Yap,7145,13880,0.00003629,blast,,,,,
0xB15102CaA7B752410627b6d94E249798f79CB45B,神秘的Qin,6147,20231,0.00003628,blast,,,,,
0xf2fef86B45bF1e184f7951F3080071b29818F5D7,WBT-Jacklove,9150,1081,0.00003626,blast,,,,,
0x757fd9443C3A4E1773F94Fc5dD783EC8C6585Cfd,LuciPC,7739,9795,0.00003610,ronin,,,,,
0xDAb41541ae769C630b34d916D0ad970674B1f08f,flaa92,6960,14557,0.00003598,ronin,,,,,
0x1244dCA71Ad9956CBa3Dff0E25C494269626e5CC,Heyvan,6054,20287,0.00003596,ronin,,,,,
0xEd5C6B4a540320B489161BC88184634a9E7E75F1,swft.eth,5578,23238,0.00003591,ronin,,,,,
0xB38724945829aEC4621Fc9F866c32cEBF6C9F76E,monk__BALAGAN,9026,1274,0.00003590,blast,,,,,
0xD8F08c6Cd5fC94341d0E05aC0f719D48EC0A3650,CoroboK,6892,14843,0.00003589,blast,,,,,
0xf85f1f8DF81c2BA1e51CB463351976Fc76531E30,Devieloom,9204,52,0.00003585,blast,,,,,
0xaaC92662bA720D9e89561ff6cfA56B7449e7482E,HEK,7394,11451,0.00003577,ronin,,,,,
0x99e6128698ff0Cd7Ee836aC3A4D259d866956Eee,wiwaldi,5626,22689,0.00003576,ronin,,,,,
0x14899c33dc0A9856f85d691489172E4A49a991cF,9ine2w0,7349,11669,0.00003573,ronin,,,,,
0x2bF4DbE54323446880c7798747E010a8c2bDBD2F,PK_Casual,9156,100,0.00003569,blast,,,,,
0x00F9d169022603Af96be6544493C73D3b976dFBc,MrY3ah,5086,25917,0.00003563,ronin,,,,,
0x4F05A3a94C5496568cF725fC6cCC3F9Ad6e0c9E1,fishinglover,7203,12297,0.00003554,blast,,,,,
0x3Bfbaf197495362C31126AB2bC51A8eb1A7d9F4b,zevunyaa,6172,18476,0.00003531,blast,,,,,
0xa79d427657B4785898053AdB0879F262b430bcf5,romauzce10,6230,17978,0.00003523,ronin,,,,,
0xbeaBaFE4D3Bb9B9d09f56F247Bf741B8e52f1E71,Kzanna,7196,11226,0.00003486,blast,,,,,
0xbA66173Fe273058da0eF2348C6cD9b41bbA42586,popojui,7328,10346,0.00003484,blast,,,,,
0x9E2d842a7D79599bE5102073e4837BcC0e73F266,紫色心情,8615,1951,0.00003471,blast,,,,,
0x01832BdC8D01F3Ce7804BfC748a19BEfC549a7c1,EnomisEno,6114,17642,0.00003457,ronin,,,,,
0xE10c92f077ebC822B52a3442E453D8e1ef01241F,NLDxDun,7928,6055,0.00003455,ronin,,,,,
0x3109ddd362C3eE5fbBA75272F5452C30AE793F32,Milhausen,7676,7130,0.00003423,blast,,,,,
0x1974eB38c2C6bF75fb8b161750D0528122124978,TAIKPILAT,5511,20711,0.00003410,ronin,,,,,
0x8e6910fc4092868F3B74702df22e30aFFc1DeDDC,最大的粪便,8114,3804,0.00003390,blast,,,,,
0xdA6aD33359911C6aB4A533472D908Db3A7Bf9836,luizpump,5347,21171,0.00003374,ronin,,,,,
0x2b9A1620370b51f26Be09Eb61457405aFe3fdf55,floners,5787,18209,0.00003365,ronin,,,,,
0x9Ac3FB01E7462a5b036Acf277e04D828a66c4458,Dm_K_s,6822,11354,0.00003348,ronin,,,,,
0x0BB7Ea8c29b19A9C4C65EA6aEef879F7C1dD74F7,CN-007,8546,0,0.00003325,blast,,,,,
0x9c8248E23Bbd743F84efdc5FF7EcBa3D6C7d8C19,RIBAKU転生,7073,8957,0.00003300,blast,,,,,
0x1C0AE110dF94378F7266C703782B910C0c87f660,playerrr18,6267,13845,0.00003285,blast,,,,,
0xe143F0a4E0721227642BC7bC23C03a527d3b14E6,chrysler,5515,18396,0.00003270,blast,,,,,
0xCB14229a06838f9eA073eDe904Df927dDb9e56F6,ElPimpolloOLA,5067,21240,0.00003270,ronin,,,,,
0xA753C986fa6D34e976e566f046386d34228B841d,WBT-包子,5588,17912,0.00003269,blast,,,,,
0xb89D4e61d7345ecFAdb20B8ED63D6F8A43C22e26,Bojan,6147,14050,0.00003251,ronin,,,,,
0x8A9154c3F5e25a83B0518078fe0deEB8EfcC0079,targarien,7637,4354,0.00003238,blast,,,,,
0xEaFB537d96507c83DFc1060d2176b30182861b14,OKAkAKo,7481,5201,0.00003229,blast,,,,,
0xF29979F2F5E07318A6E63818729E0DC8A702a4d8,ocultoMANA,7475,4861,0.00003206,ronin,,,,,
0x2C190c9256ffd4948528A1ceAc511915D81b2BEA,wipeoutukraine,8042,1070,0.00003195,blast,,,,,
0x13E98DC541a1C3C3B0b139eb51b55fbdCeaeFb07,Wind,5862,14693,0.00003179,blast,,,,,
0x3e6eBc43359516FAFf3ABde5104bfA99c8C24669,pavelssski666,5686,15639,0.00003168,blast,,,,,
0x6F03DCAD9153CC427179578AAd9fd15B2Dc2d60B,kian2004,6999,7179,0.00003162,ronin,,,,,
0x0b360DD117c15358fE571ae42D7469c4F7c17eC4,神秘的YINZHE,5376,17268,0.00003147,blast,,,,,
0x65Cb72B87ECA9470525B916262DdF45ffD136A71,MehtabG1,6743,8486,0.00003142,ronin,,,,,
0xD1bA1d5cf0874adC820D10336Ed1D921803Dd29D,cryptodvor.eth,5906,13785,0.00003141,blast,,,,,
0x044946068e0A1E5b289fA58F9Af33C6cfdb4E854,Ghosts141,5559,15902,0.00003135,ronin,,,,,
0xC21259f62B655eA4C50e57528A01Bea0c196D8e2,神秘火星,5548,15673,0.00003117,blast,,,,,
0x2455589C425aDc5626a09e7c6A760998FB022d6b,MagraoNFT,6900,7047,0.00003116,ronin,,,,,
0x9DA3e9DADe1FFfB4e52f3e1509Dc8176F522AAC0,打工人,5865,13585,0.00003112,blast,,,,,
0xd2637128C9F447bC955a57D9660ae9937861Ac04,Brian,6360,10325,0.00003106,blast,,,,,
0x1d93abb5785265702DAd8239A28CfB137A88F9c5,lambui,5689,14550,0.00003103,ronin,,,,,
0xaA8986A606884e788fE666FfC8ac20b09A6E8286,rurthy,7679,1830,0.00003100,blast,,,,,
0x0efa645B2f87322E735c30FBbd69607D0BCc7065,SOYAHOH,7070,5632,0.00003095,blast,,,,,
0x74F8fe8e43a5A16c85031c4deb0d0bb9F6D7e02e,Satoru_Goida,6882,6398,0.00003069,ronin,,,,,
0x2483a78490E004F92C3aA1b2c3d4f80805ad5Ca8,bruh,5993,12000,0.00003065,blast,,,,,
0x1fb1B92358c145d9a677a31C3dd52b3265c31083,sasha_iceblock,5778,13349,0.00003064,blast,,,,,
0xE79Fd99BD11aF2137746e0c382a597603D10A6C5,babibosho,6829,6050,0.00003027,blast,,,,,
0x363138f5e0e5b5db89Af4564412048CF274BA8d8,TieuKieu,6104,10385,0.00003010,blast,,,,,
0xB4A61fe5A71219399a89CFD68961d5C903B76fc6,theusz,6339,8843,0.00003007,ronin,,,,,
0xF62A3283cBCa1611517d5C1fDE1b90FB4f7f0b5e,Aiix,5691,12911,0.00003004,ronin,,,,,
0x016dee21cA8d338cFc20a8971527d386AEFA4b45,TGGDans,6499,7749,0.00003002,ronin,,,,,
0x361Aabc840b6Afc4cB18b3F4D0b8a4cEC01A29c4,caconryto1,6121,10060,0.00002997,ronin,,,,,
0x9a455E64e1ebCbFd894a13F2C0fE95657F887587,bedduS,5903,11412,0.00002994,ronin,,,,,
0x8fe067dEaa37CECE05601223a763B9961769E6F0,theebonkasa,6342,8552,0.00002990,blast,,,,,
0x96582024E7614e579a176CAb3EDC5b1072f7D15E,AlfengharMANA,5808,11950,0.00002990,ronin,,,,,
0xf7d933e4Ff3cD29788C3A25669Cbc74Ec1Ad8Bb8,Siferbel,5502,13857,0.00002988,blast,,,,,
0x3ABfE642383A94ef62D3A522Bc2e03b5D907E7F7,Rasiel,6224,9116,0.00002979,ronin,,,,,
0x31F63C85cb12Bb2798A2Ad58d296c76e0d674cfF,WBT-heilv,5112,16086,0.00002972,blast,,,,,
0x99FF17a23F6e2647F56af4535cA63996D2e64472,ye,7089,2973,0.00002940,ronin,,,,,
0x96ddC3390AbDFaDF504F97BC7Ea57e6ed107eD5D,kazahLEXA,5442,13416,0.00002937,blast,,,,,
0xda5c49A53270aCc2ef3dfe4d0C29160d02054D43,HunterF9,6130,8796,0.00002923,ronin,,,,,
0x17736ded6d80472e94db70095D87118BfDD682Fd,encore94,6106,8933,0.00002922,ronin,,,,,
0xF335CdFFA43Fa5875c87C5DF11862B9EAAc4E77D,Tenze,5476,12654,0.00002904,ronin,,,,,
0x661Ff9CF59A974bE35012506ddDb1bf0A78fCC3C,LiLeo_0-0,6899,3512,0.00002899,ronin,,,,,
0x855e8636f4235bdbA1Ee6c71C7CD61aeF73c70f6,Syn,6165,8180,0.00002899,ronin,,,,,
0xb8bf5a9884A54A7A719DfE18bbB32ea4F5270327,Sikembria,6197,7946,0.00002897,blast,,,,,
0x5d74b3e72b64E3a4fa1C20F3F9Cbd6027af1B0c2,heisenburger,5584,11761,0.00002892,blast,,,,,
0x9CD02a02840a3ad2cfD79d313B4Ec5F690200819,zimalast,6857,3406,0.00002876,blast,,,,,
0x50A21FaC563F3E78a34EBB2899f3f256C6062ea7,Oprah,5756,10143,0.00002860,blast,,,,,
0xF4A148d7B8a2c60154D1f22a437e1f20C32C7dFA,Cambiralover,7207,775,0.00002852,blast,,,,,
0xc097dE4d5dBae3650671Fd68406601aCCD3400ef,sniperflyys.eth,5019,14614,0.00002846,blast,,,,,
0x1259392B4320a2BeE815043F4D862fb873b76cb8,poofuck69,5584,10717,0.00002828,blast,,,,,
0xCFE6f846E3a62c077aA7cBFF8B9590c740C6682a,Pupila,5678,10006,0.00002821,ronin,,,,,
0xBa98d32f3466a452BEc055a858B757f96BB32a16,CrytoCry,6138,7010,0.00002817,blast,,,,,
0xc7F79070017E54fcd01c85A779C00FA28ad7Dd22,Eth1r,6946,1754,0.00002810,ronin,,,,,
0xEb10454AB6CaeDb282dC95FF78673472C20ad9Bd,WiiuETH,5561,10338,0.00002796,blast,,,,,
0x5efB5890673e0D0dE323419b5A88b459A6c318dA,LetHimCook,6160,6143,0.00002772,blast,,,,,
0x87140F594EB604De237cf29e427f2b5C28C57804,Letsgoo,5676,8397,0.00002722,blast,,,,,
0xEA0AA2BefC3caC1041A4deA3878ac25083B8d08D,FredericM,6694,1898,0.00002721,blast,,,,,
0x0207d23d6515639E0d30FE05a6501440b32015C4,xiaoyazi,5940,6430,0.00002704,ronin,,,,,
0x6e63342921420Df1bBA10a1dFd21c8bE3EBCa5b6,Nervousz,5744,7657,0.00002703,blast,,,,,
0xa8018E532E4773E8d107593E73Da6D01131Dd2d0,tielo,5009,12003,0.00002683,ronin,,,,,
0x05C754E0Cd4f908433D7Fa189d5DB2CdAb56BC90,WBT-彼阳的帕克,5515,8710,0.00002678,blast,,,,,
0x3B53069FA57fd82F0F0C730d8c361E6006d92695,Debbie28,6454,2227,0.00002647,ronin,,,,,
0x1728Bb89a83F571eCfEE0590ab92807AC7D197E9,0xZeratul,5060,9959,0.00002578,ronin,,,,,
0x18e044569d0bdF013E29A8F539cc8e8E35dCa5Bd,全部吞下去好吗,5200,9044,0.00002576,blast,,,,,
0xCE69676F9cf35A087B3F96afA9d3c8e47CBdEC91,sabqara,6205,2637,0.00002576,blast,,,,,
0xc429929C4CE6ab1cc18CFC653122D46793941f56,Vihrkonohi,5851,4690,0.00002563,blast,,,,,
0x4E5166bE01eBbD34628Ea6D1D104C874230f0974,Rinybro,5906,4168,0.00002553,blast,,,,,
0x33d8fc63222D08C9E7eB01C905636218af89B2eb,testlogLOLwq,5663,5023,0.00002511,blast,,,,,
0x98cC8f3824514eb18488aD34a988f63AfcAc5415,axe,6100,2030,0.00002498,blast,,,,,
0xF23E81194300ed80644277f9b58a237F9c93D63D,WBT-abc,5608,5102,0.00002494,blast,,,,,
0xfA0bfDbae0f90FC757645b03D3229AF9215cB7DE,Rimuru,5640,4741,0.00002484,blast,,,,,
0x1a355675372996cA21365dA5728D516733Fb7D8c,MrMalta,5043,8436,0.00002478,ronin,,,,,
0x2A177AF961F7144bFBa3F6724a4D26256114fD40,airdroperexe,5122,7805,0.00002470,blast,,,,,
0xa0Ae8cb891015806f5387cCFE1eFa38770dEa898,Svarog,6290,182,0.00002459,blast,,,,,
0x6136488B412397E3331bF169FDE7408Bea5d84FE,Moxnatii,5069,7418,0.00002426,blast,,,,,
0x28932EAa16678E65DCE8c6a3fC20357532e34aeb,RybakIam,5619,3897,0.00002425,blast,,,,,
0x1aEE89560Ee75cbbCCeDd103FF22E447B34D45ce,Nucacuca,5464,4417,0.00002396,blast,,,,,
0x8fedF3fbEC7EB7f2b8747ABC1F5E2538b64584Cb,stacked,6144,10,0.00002391,blast,,,,,
0xE1E53814C35D0C21FAD7553bA592e649bAb4f4A9,Леха_Щюка,5557,3583,0.00002381,blast,,,,,
0x63d7e6BeAAbC7104c6d1252b280756009f218F1D,LYT,5243,5574,0.00002381,ronin,,,,,
0x4bc957467a23aB8504a6c4fFC28ebBD43a5780C3,Aatu,5995,642,0.00002372,blast,,,,,
0xbD84599C9F625a85B8057A740Ee7a78FE3136436,Леха_Ласось,5861,1077,0.00002346,blast,,,,,
0x2144784bAe26c1C893EEd69ca0Cad813fd4Ba0c8,bietchovienbtc.eth,5096,5944,0.00002346,blast,,,,,
0xD603cD50F17B429f7cD8999189D17dE3ea8f543C,Alkee,5981,18,0.00002328,blast,,,,,
0xC106f57f775467715Af06b31105BeE97458e2ad1,Nls_Frak,5014,4873,0.00002249,ronin,,,,,
0x6C15bf48Aca73b4361DB10912B4bA501cFe6346D,ludodemon,5059,4263,0.00002229,blast,,,,,
0xA8107510093E6FDb50879A23bfF7E8E3EB742f27,TIGER,5156,3645,0.00002229,ronin,,,,,
0xf85fc23dCEd8f266AC54D2fe6051a1F05E842c66,Swamy,5534,1121,0.00002222,blast,,,,,
0x93836742A0208080D19D33a7ca4479D41B0702dE,hakari,5575,10,0.00002170,blast,,,,,
0x8BE8212fe48884Ff10C9579Fa5e0F66513B3e3D1,tvarina,5470,30,0.00002130,blast,,,,,
0x1de57dfCc2a3adf13cf349f04Ae5b99dDabB8E2C,90xGGGsatyam,5251,1262,0.00002120,ronin,,,,,
0x71E6b4c40F30E79C0D692b369aA15908b956f9EB,Guuu,5069,2234,0.00002109,blast,,,,,
0x85547d5e574F400e4DbB281a7714a9F159dD5C2D,guoguo0098,5135,1648,0.00002099,blast,,,,,
0x5BaD58c75A185096CB46D57797B7488DfBB88c33,神秘的auouo,5015,1984,0.00002073,blast,,,,,
0x0d26a62fD82665e43028748f187611a0f5F749cE,SherlGGG,5153,0,0.00002005,blast,,,,,
0x6CD5305c1bE12533Eb4dFCE3179407DdF0D74B6e,astro,5058,442,0.00001995,blast,,,,,
0x0D2e634695999E609C7B35819848EB66a461ae0E,Aatu2,5039,311,0.00001980,blast,,,,,